-- phpMyAdmin SQL Dump
-- version 5.0.1
-- https://www.phpmyadmin.net/
--
-- Host: 127.0.0.1
-- Generation Time: Jan 19, 2021 at 10:46 AM
-- Server version: 10.4.11-MariaDB
-- PHP Version: 7.4.2

SET SQL_MODE = "NO_AUTO_VALUE_ON_ZERO";
SET AUTOCOMMIT = 0;
START TRANSACTION;
SET time_zone = "+00:00";


/*!40101 SET @OLD_CHARACTER_SET_CLIENT=@@CHARACTER_SET_CLIENT */;
/*!40101 SET @OLD_CHARACTER_SET_RESULTS=@@CHARACTER_SET_RESULTS */;
/*!40101 SET @OLD_COLLATION_CONNECTION=@@COLLATION_CONNECTION */;
/*!40101 SET NAMES utf8mb4 */;

--
-- Database: `universitas`
--

-- --------------------------------------------------------

--
-- Table structure for table `admin`
--

CREATE TABLE `admin` (
  `username` varchar(50) DEFAULT NULL,
  `password` char(40) DEFAULT NULL
) ENGINE=InnoDB DEFAULT CHARSET=utf8mb4;

--
-- Dumping data for table `admin`
--

INSERT INTO `admin` (`username`, `password`) VALUES
('admin123', '829b36babd21be519fa5f9353daf5dbdb796993e');

-- --------------------------------------------------------

--
-- Table structure for table `data_diskusi`
--

CREATE TABLE `data_diskusi` (
  `id` int(11) NOT NULL,
  `nama` varchar(50) NOT NULL,
  `pesan` varchar(150) NOT NULL,
  `tanggal` timestamp NOT NULL DEFAULT current_timestamp()
) ENGINE=InnoDB DEFAULT CHARSET=utf8mb4;

--
-- Dumping data for table `data_diskusi`
--

INSERT INTO `data_diskusi` (`id`, `nama`, `pesan`, `tanggal`) VALUES
(1, 'Agustino', 'Haii', '0000-00-00 00:00:00'),
(2, 'Agustino', 'Haii', '2020-04-18 02:32:11'),
(3, 'riana', 'Haii  too', '2020-04-18 02:33:06'),
(4, 'admin', 'Haii', '2020-04-18 04:13:06'),
(5, 'admin', 'Hai hai hai', '2020-04-18 04:37:22'),
(6, 'admin', 'Hai', '2020-04-21 05:14:54'),
(7, 'admin', 'Hai lagii', '2020-04-21 05:15:01'),
(8, 'admin', 'Haii terus', '2020-04-21 05:15:05'),
(9, 'admin', 'Terus haii', '2020-04-21 05:15:12'),
(10, 'admin', 'hahahahaha', '2020-04-21 05:15:18'),
(11, 'admin', 'huhuhuhuhuhuh', '2020-04-21 05:15:25'),
(12, 'admin', 'hihihihihihihi', '2020-04-21 05:15:31'),
(13, 'admin', 'kokokokokokoko', '2020-04-21 05:15:37'),
(14, 'admin', 'pepepepeppepeepepe', '2020-04-21 05:15:42'),
(15, 'admin', 'uuusususudusudus', '2020-04-21 05:15:47'),
(16, 'admin', 'hahahahahahaahaha', '2020-04-21 05:15:51'),
(17, 'admin', 'pflgolgolgogog', '2020-04-21 05:15:56'),
(18, 'admin', 'nsmffmkjkejkkjs,fsdjs', '2020-04-21 05:16:01'),
(19, 'admin', 'yyuyuyuyuyuy', '2020-04-21 05:16:05'),
(20, 'admin', 'hiya hiya', '2020-04-26 05:05:08'),
(21, 'admin', 'Auww auww', '2020-05-02 21:17:31'),
(22, 'undefined', 'AqAQ', '2020-05-03 00:59:16'),
(23, 'admin', 'Assss', '2020-05-05 00:47:10');

-- --------------------------------------------------------

--
-- Table structure for table `data_fakultas`
--

CREATE TABLE `data_fakultas` (
  `id` int(11) NOT NULL,
  `nama_fakultas` varchar(100) NOT NULL
) ENGINE=InnoDB DEFAULT CHARSET=utf8mb4;

--
-- Dumping data for table `data_fakultas`
--

INSERT INTO `data_fakultas` (`id`, `nama_fakultas`) VALUES
(1, 'Teknik'),
(2, 'Robotik');

-- --------------------------------------------------------

--
-- Table structure for table `data_forum_kategori`
--

CREATE TABLE `data_forum_kategori` (
  `id` int(11) NOT NULL,
  `nama_kategori` varchar(100) NOT NULL,
  `keterangan` text NOT NULL
) ENGINE=InnoDB DEFAULT CHARSET=utf8mb4;

--
-- Dumping data for table `data_forum_kategori`
--

INSERT INTO `data_forum_kategori` (`id`, `nama_kategori`, `keterangan`) VALUES
(1, 'PHP', 'Tanya jawab, sharing pengalaman, artikel dan seputar pemrograman PHP');

-- --------------------------------------------------------

--
-- Table structure for table `data_forum_tanggapan`
--

CREATE TABLE `data_forum_tanggapan` (
  `id` int(11) NOT NULL,
  `id_user` int(11) NOT NULL,
  `id_topik` int(11) NOT NULL,
  `isi_tanggapan` text NOT NULL,
  `tgl_tanggapan` datetime NOT NULL
) ENGINE=InnoDB DEFAULT CHARSET=utf8mb4;

--
-- Dumping data for table `data_forum_tanggapan`
--

INSERT INTO `data_forum_tanggapan` (`id`, `id_user`, `id_topik`, `isi_tanggapan`, `tgl_tanggapan`) VALUES
(1, 1, 1, 'Bagaimana agar script PHP yang kita buat ter enkripsi?', '2020-04-29 13:27:41'),
(3, 1, 1, 'Ga', '2020-04-28 08:05:37'),
(4, 1, 1, 'Hiya hiya', '2020-04-28 08:06:15'),
(7, 1, 2, 'Laravel lahh', '2020-12-16 05:01:37');

-- --------------------------------------------------------

--
-- Table structure for table `data_forum_topik`
--

CREATE TABLE `data_forum_topik` (
  `id` int(11) NOT NULL,
  `id_kategori` int(11) NOT NULL,
  `id_user` int(11) NOT NULL,
  `subjek` varchar(200) NOT NULL,
  `tgl_topik` datetime NOT NULL,
  `dibaca` int(11) NOT NULL
) ENGINE=InnoDB DEFAULT CHARSET=utf8mb4;

--
-- Dumping data for table `data_forum_topik`
--

INSERT INTO `data_forum_topik` (`id`, `id_kategori`, `id_user`, `subjek`, `tgl_topik`, `dibaca`) VALUES
(1, 1, 1, 'Enkripsi Script PHP', '2020-04-28 13:26:12', 2),
(2, 1, 2, 'Apa framework PHP yang bagus?', '2020-04-27 13:26:12', 2),
(3, 1, 1, 'Framework PHP', '2020-04-28 08:20:12', 0);

-- --------------------------------------------------------

--
-- Table structure for table `data_jurusan`
--

CREATE TABLE `data_jurusan` (
  `id` int(11) NOT NULL,
  `id_fakultas` int(11) NOT NULL,
  `nama` varchar(100) NOT NULL
) ENGINE=InnoDB DEFAULT CHARSET=utf8mb4;

--
-- Dumping data for table `data_jurusan`
--

INSERT INTO `data_jurusan` (`id`, `id_fakultas`, `nama`) VALUES
(1, 1, 'Teknik Informatika'),
(2, 1, 'Teknik Komputer'),
(3, 2, 'Robotik');

-- --------------------------------------------------------

--
-- Table structure for table `data_mahasiswa`
--

CREATE TABLE `data_mahasiswa` (
  `id` int(11) NOT NULL,
  `nrp` char(9) DEFAULT NULL,
  `nama` char(50) DEFAULT NULL,
  `email` varchar(20) DEFAULT NULL,
  `alamat` text NOT NULL,
  `tgl_lahir` varchar(10) NOT NULL,
  `gambar` char(50) DEFAULT NULL,
  `jurusan` int(11) DEFAULT NULL
) ENGINE=InnoDB DEFAULT CHARSET=utf8mb4;

--
-- Dumping data for table `data_mahasiswa`
--

INSERT INTO `data_mahasiswa` (`id`, `nrp`, `nama`, `email`, `alamat`, `tgl_lahir`, `gambar`, `jurusan`) VALUES
(3, '767686', 'Erik', 'erik@gmail.com', '', '', '', 1),
(9, '767686', 'riana', 'erik@gmail.com', '', '', 'Informatika', 2),
(10, '767686', 'riana', 'sda@gaa.com', '', '', 'Robotic', 2),
(11, '767686', 'riana', 'agustino@gmail.com', '', '', 'Robotic', 2),
(12, '886868', 'sdfaaasf', 'agustino@gmail.com', '', '', 'Informatika', 3),
(15, '767686', 'AgustinoW', 'sda@gaa.com', '', '', '5e97267e6c8fc.jpg', 3),
(16, '767686', 'Agustino', 'agustino@gmail.com', 'malang', '67677', '5ea172d76a3af.png', 1),
(20, '122331', 'Dita', 'dita@gmail.com', 'malang', '2020-06-09', '', 1),
(21, '886868', 'Agustinowww', 'agustino@gmail.com', 'Kebon Pala I No. 29 East Jakarta, Indonesia', '2020-06-24', '', 1);

-- --------------------------------------------------------

--
-- Table structure for table `data_nilai`
--

CREATE TABLE `data_nilai` (
  `id` int(11) NOT NULL,
  `id_mahasiswa` int(11) NOT NULL,
  `id_jurusan` int(11) NOT NULL,
  `nilai` varchar(20) NOT NULL
) ENGINE=InnoDB DEFAULT CHARSET=utf8mb4;

--
-- Dumping data for table `data_nilai`
--

INSERT INTO `data_nilai` (`id`, `id_mahasiswa`, `id_jurusan`, `nilai`) VALUES
(1, 13, 3, '7000'),
(2, 12, 3, '5666'),
(3, 9, 2, '6767'),
(4, 10, 2, '78'),
(5, 11, 2, '90'),
(6, 3, 1, '12');

-- --------------------------------------------------------

--
-- Table structure for table `data_upload`
--

CREATE TABLE `data_upload` (
  `id` int(11) NOT NULL,
  `nama_file` varchar(100) NOT NULL
) ENGINE=InnoDB DEFAULT CHARSET=utf8mb4;

--
-- Dumping data for table `data_upload`
--

INSERT INTO `data_upload` (`id`, `nama_file`) VALUES
(1, 'upload/big_iYqBK6u7u.png'),
(2, 'upload/boba.jpg'),
(3, 'upload/Franchise-Super.png'),
(4, 'upload/Franchise-Regular.png'),
(5, 'upload/Web-Banner_02.png'),
(6, 'upload/334-3343947_crocus-hd-png-download.png'),
(7, 'upload/334-3343947_crocus-hd-png-download.png');

-- --------------------------------------------------------

--
-- Table structure for table `data_user`
--

CREATE TABLE `data_user` (
  `id` int(11) NOT NULL,
  `username` varchar(16) NOT NULL,
  `password` varchar(255) NOT NULL,
  `hak_akses` varchar(100) NOT NULL DEFAULT 'mahasiswa',
  `status` enum('TRUE','FALSE') NOT NULL DEFAULT 'FALSE'
) ENGINE=InnoDB DEFAULT CHARSET=utf8mb4;

--
-- Dumping data for table `data_user`
--

INSERT INTO `data_user` (`id`, `username`, `password`, `hak_akses`, `status`) VALUES
(1, 'admin', '$2y$10$AOPn0Df05aiA9dvL8Z3Y9e4bVA9US/xQEsw7ZAds3hyyZZAUF49hi', 'admin', 'TRUE'),
(2, 'andika', '$2y$10$1eeBqzlDMH93bnbUlzd7CuBCjfM3k.xF73KFxyJCNyQYH0P0JBe9u', 'mahasiswa', 'FALSE'),
(7, 'admin1', '$2y$10$HIfI82yZXuhUBqpA4ysswudLWv3LG5ijVhkGytsAzysKLJcNlQZi.', 'mahasiswa', 'FALSE');

-- --------------------------------------------------------

--
-- Table structure for table `failed_jobs`
--

CREATE TABLE `failed_jobs` (
  `id` bigint(20) UNSIGNED NOT NULL,
  `connection` text COLLATE utf8mb4_unicode_ci NOT NULL,
  `queue` text COLLATE utf8mb4_unicode_ci NOT NULL,
  `payload` longtext COLLATE utf8mb4_unicode_ci NOT NULL,
  `exception` longtext COLLATE utf8mb4_unicode_ci NOT NULL,
  `failed_at` timestamp NOT NULL DEFAULT current_timestamp()
) ENGINE=InnoDB DEFAULT CHARSET=utf8mb4 COLLATE=utf8mb4_unicode_ci;

-- --------------------------------------------------------

--
-- Table structure for table `mahasiswa`
--

CREATE TABLE `mahasiswa` (
  `nim` int(11) NOT NULL,
  `nama` varchar(100) DEFAULT NULL,
  `email` varchar(30) NOT NULL,
  `tempat_lahir` varchar(50) DEFAULT NULL,
  `tanggal_lahir` date DEFAULT NULL,
  `fakultas` varchar(50) NOT NULL,
  `jurusan` int(11) DEFAULT NULL,
  `ipk` decimal(3,2) DEFAULT NULL,
  `updated_at` varchar(200) NOT NULL,
  `created_at` varchar(200) NOT NULL
) ENGINE=InnoDB DEFAULT CHARSET=utf8mb4;

--
-- Dumping data for table `mahasiswa`
--

INSERT INTO `mahasiswa` (`nim`, `nama`, `email`, `tempat_lahir`, `tanggal_lahir`, `fakultas`, `jurusan`, `ipk`, `updated_at`, `created_at`) VALUES
(2323131, 'Chris Evan', 'agustino@gmail.com', NULL, '2020-11-03', '', 1, NULL, '', ''),
(14005011, 'Riana Putri', '', 'Padang', '1996-11-23', '1', 1, '3.10', '', ''),
(15002032, 'Rina Kumala Sari', '', 'Jakarta', '1997-06-28', '2', 2, '3.40', '', ''),
(15003036, 'Sari Citra Lestari', '', 'Jakarta', '1997-12-31', '2', 1, '3.50', '', ''),
(15021044, 'Rudi Permana', '', 'Bandung', '1994-08-22', '1', 3, '2.90', '', ''),
(97979705, 'Anton Tony Starks', '', 'Malang', '1997-07-07', '1', 2, NULL, '', '');

-- --------------------------------------------------------

--
-- Table structure for table `migrations`
--

CREATE TABLE `migrations` (
  `id` int(10) UNSIGNED NOT NULL,
  `migration` varchar(255) COLLATE utf8mb4_unicode_ci NOT NULL,
  `batch` int(11) NOT NULL
) ENGINE=InnoDB DEFAULT CHARSET=utf8mb4 COLLATE=utf8mb4_unicode_ci;

--
-- Dumping data for table `migrations`
--

INSERT INTO `migrations` (`id`, `migration`, `batch`) VALUES
(1, '2014_10_12_000000_create_users_table', 1),
(2, '2019_08_19_000000_create_failed_jobs_table', 1),
(3, '2020_07_07_091551_create_students_table', 1);

-- --------------------------------------------------------

--
-- Table structure for table `peoples`
--

CREATE TABLE `peoples` (
  `id` int(9) UNSIGNED NOT NULL,
  `name` varchar(100) NOT NULL,
  `address` varchar(255) NOT NULL,
  `email` varchar(100) NOT NULL
) ENGINE=InnoDB DEFAULT CHARSET=utf8;

--
-- Dumping data for table `peoples`
--

INSERT INTO `peoples` (`id`, `name`, `address`, `email`) VALUES
(1, 'Miss Jennifer Nader', '25755 Walsh Fords Apt. 419', 'savannah.gutkowski@example.com'),
(2, 'Ola Collins', '1230 Wehner Flat Suite 373', 'denis.runolfsson@example.com'),
(3, 'Laurel Mueller DDS', '56810 Smith Course', 'hodkiewicz.brando@example.org'),
(4, 'Thurman Gusikowski', '3342 Michale Wall Suite 916', 'angelita46@example.net'),
(5, 'Prof. Ethelyn Huel II', '089 Kirlin Inlet Apt. 988', 'wilma71@example.net'),
(6, 'Robin Lockman', '9831 Schneider Mountains Suite 723', 'blanda.nathan@example.org'),
(7, 'Javonte Bednar', '3936 Reagan Pike', 'dframi@example.org'),
(8, 'Casandra Koss', '5554 Renner Walk', 'goberbrunner@example.com'),
(9, 'Gaylord Hansen', '3502 Stanton Place Suite 765', 'verlie43@example.net'),
(10, 'Marshall Baumbach', '5458 Beatty Spurs', 'o\'hara.dell@example.net'),
(11, 'Faye Feil', '70808 Brando Crossing Suite 675', 'schroeder.laurence@example.com'),
(12, 'Dr. Derrick Schroeder III', '0654 Fay Burgs Apt. 710', 'damaris.walter@example.com'),
(13, 'Mr. Lincoln Schumm MD', '0505 Mara Burgs', 'yundt.vicky@example.com'),
(14, 'Noel Towne', '18822 Leannon Stravenue', 'yharvey@example.com'),
(15, 'Prof. Tara Robel II', '6292 Tania Burg Suite 586', 'ashly13@example.org'),
(16, 'Dr. Wilton Satterfield Jr.', '1865 Gottlieb Fall', 'malcolm38@example.com'),
(17, 'Prof. Micheal Mitchell', '00656 Benton Extension Apt. 331', 'yberge@example.org'),
(18, 'Raina Veum', '76858 Wuckert Causeway Suite 855', 'carroll.gislason@example.net'),
(19, 'Layla Metz', '5299 Cummings Green', 'randi.wiegand@example.com'),
(20, 'Tyson Quitzon V', '89210 Lourdes Isle Suite 978', 'wendell.schumm@example.com'),
(21, 'Prof. Flossie Eichmann', '52135 Baylee Views Apt. 028', 'woodrow.fadel@example.com'),
(22, 'Hank Hahn', '6281 Misael Key Suite 981', 'precious57@example.org'),
(23, 'Ms. Cynthia Mante', '53906 Hintz Branch', 'block.christopher@example.com'),
(24, 'Laisha Smith', '37514 Douglas Grove Apt. 144', 'turcotte.larry@example.net'),
(25, 'Nestor Nikolaus', '19452 Gorczany Bridge Suite 836', 'abbie83@example.org'),
(26, 'Lisa Nienow', '38187 Grace Bypass Apt. 543', 'bruce71@example.net'),
(27, 'Johann Borer', '0225 Shanon Bypass Apt. 869', 'qo\'connell@example.org'),
(28, 'Ms. Scarlett Kihn V', '54794 Reinger Row', 'twaelchi@example.org'),
(29, 'Gail Bernier', '5769 Vandervort Stravenue', 'ebert.jayme@example.org'),
(30, 'Mrs. Macie Lehner I', '313 Ernser Inlet Suite 536', 'demetris.gulgowski@example.com'),
(31, 'Nyasia Grady IV', '520 Pouros Stravenue', 'rzemlak@example.net'),
(32, 'Everett Borer', '754 Halvorson Light', 'aisha28@example.org'),
(33, 'Eliane Roob', '155 Israel Fields Apt. 386', 'emelia77@example.org'),
(34, 'Halle Volkman', '6173 Von Streets Apt. 301', 'udicki@example.org'),
(35, 'Judah McKenzie', '93172 Nyah Street', 'john.hackett@example.com'),
(36, 'Delfina Stark', '353 Scot Manor', 'glynch@example.org'),
(37, 'Quincy Zulauf', '5126 McKenzie Forest', 'schmeler.ernesto@example.org'),
(38, 'Stephan Kemmer', '44268 Christopher Ramp Suite 047', 'lilla67@example.com'),
(39, 'Quinn Sauer', '481 Tobin Square', 'ztromp@example.org'),
(40, 'Gilda Collins', '4956 Malika Mountain', 'mckenzie18@example.com'),
(41, 'Annette Nolan MD', '3490 Elise Lock Apt. 933', 'cartwright.cindy@example.org'),
(42, 'Prof. Mandy Ritchie PhD', '6714 Lang Extension Apt. 545', 'bogisich.hassie@example.org'),
(43, 'Clement Harvey', '983 Jaylen Fork Apt. 097', 'oblock@example.com'),
(44, 'Stevie Jacobi', '9511 Hagenes Meadows Apt. 543', 'terry.linwood@example.com'),
(45, 'Lenore Klocko', '601 Bianka Skyway Suite 088', 'gregory69@example.com'),
(46, 'Assunta Schmeler Sr.', '7159 Elaina Turnpike Suite 091', 'nwalsh@example.com'),
(47, 'Prof. Anais Tromp II', '46967 Simeon Flat Apt. 030', 'jermaine.herman@example.org'),
(48, 'Prof. Milo Tromp Sr.', '94597 Adaline Track', 'jeffrey57@example.org'),
(49, 'Bryce West', '372 Ebert Center', 'janessa78@example.com'),
(50, 'Rey DuBuque', '507 Stone Knoll', 'gabriella.abbott@example.com'),
(51, 'Linnea Kerluke', '02719 Tremblay Creek', 'carmine28@example.org'),
(52, 'Flavio Klein', '91194 Ruben Glens', 'nolan.welch@example.net'),
(53, 'Gisselle Hoeger', '713 Earline Ridges Apt. 993', 'vstracke@example.com'),
(54, 'Victoria Roob', '45082 Winfield Throughway', 'bettye71@example.net'),
(55, 'Mrs. Adelle Lang', '3345 Jay River Apt. 472', 'destiny.mcglynn@example.com'),
(56, 'Zane Quigley Sr.', '9190 Sylvia Common Apt. 357', 'giles.schaefer@example.org'),
(57, 'Ms. Krystel Senger IV', '88489 Terrell Track Apt. 387', 'snikolaus@example.com'),
(58, 'Dina Herzog I', '67601 Theo Lock', 'kip.cole@example.org'),
(59, 'Mr. Kaden Heathcote IV', '81548 Price Squares', 'tdaniel@example.org'),
(60, 'Dr. Terrell Renner II', '5541 Marvin Roads', 'feest.ivory@example.net'),
(61, 'Kamille Greenfelder', '13006 Gerardo Inlet Suite 423', 'kessler.marco@example.com'),
(62, 'Eriberto Ebert', '43582 Bayer Field', 'hammes.nelle@example.com'),
(63, 'Ophelia Yost IV', '5363 Nathaniel Plains', 'abelardo83@example.net'),
(64, 'Holden Jacobs', '582 Joelle Walks Suite 824', 'patsy.harris@example.com'),
(65, 'Mrs. Elenora Luettgen MD', '336 Bashirian Manor', 'nolan.fae@example.com'),
(66, 'Jon Pouros', '32173 Duncan Valleys', 'burley64@example.org'),
(67, 'Carmine Ferry', '890 Ervin Vista Apt. 738', 'torphy.river@example.com'),
(68, 'Prof. Gerson Hilpert Jr.', '4615 Goodwin Lane', 'khalid24@example.com'),
(69, 'Evangeline Aufderhar', '7515 Ethan Shores Apt. 710', 'terrance24@example.com'),
(70, 'Angie VonRueden', '054 Luettgen Spurs', 'hirthe.patsy@example.com'),
(71, 'Prof. Jada Hickle IV', '91887 D\'Amore Camp Suite 601', 'kieran71@example.org'),
(72, 'Electa Bergstrom', '0281 Jakubowski Fields', 'anienow@example.org'),
(73, 'Marisa Zemlak', '374 Zetta Drive Suite 236', 'egraham@example.net'),
(74, 'Prof. Ericka Homenick', '98752 Leone Lock Apt. 077', 'kmorar@example.net'),
(75, 'Prof. Burley Leuschke', '045 Lauretta Union Suite 868', 'orpha.ledner@example.org'),
(76, 'Karine Schuppe Jr.', '11213 O\'Kon Ports Apt. 764', 'cristian.mertz@example.com'),
(77, 'Karolann Corwin', '819 Oral Tunnel', 'kautzer.carli@example.org'),
(78, 'Prof. Amos Fadel', '576 Elmira Passage', 'dejon.little@example.net'),
(79, 'Golden Hoppe IV', '706 Schaefer Squares Apt. 329', 'adolph.sporer@example.com'),
(80, 'Courtney Botsford', '798 Nat Land Apt. 416', 'ernestine.cummings@example.com'),
(81, 'Prof. Antonia McCullough', '4712 Krajcik Trace Apt. 181', 'predovic.estefania@example.org'),
(82, 'Mrs. Justine O\'Kon Jr.', '2322 Hayes Key', 'hans.moen@example.com'),
(83, 'Neha Spinka', '6283 Towne Creek Apt. 372', 'ymann@example.net'),
(84, 'Adelbert Conroy', '0445 Randi Underpass Suite 793', 'lina39@example.net'),
(85, 'Miss Precious Kub', '5885 Jacobs Wall', 'zzemlak@example.com'),
(86, 'Miss Kathryne McClure', '14083 Robb Corner', 'kaci.kuhlman@example.org'),
(87, 'Aileen Pfannerstill', '1378 Pinkie Spring', 'madelynn.hudson@example.com'),
(88, 'Ashlee Konopelski', '33154 Jeffry Springs Apt. 381', 'muller.sean@example.org'),
(89, 'Garrick Lynch', '38458 Deion Island', 'elwin60@example.org'),
(90, 'Mertie Howe', '93926 Lucious Curve Apt. 969', 'alexys76@example.com'),
(91, 'Freeman Kris', '0148 Hilpert Avenue Suite 056', 'gabe38@example.com'),
(92, 'Keven Dare', '99132 Brown Run Apt. 099', 'elisha21@example.net'),
(93, 'Prof. Jalyn Boehm', '83512 Jayda Grove Suite 898', 'morris26@example.org'),
(94, 'Emily Brown', '4476 Zieme Islands', 'collins.adonis@example.org'),
(95, 'Mr. Berta Reichel IV', '48966 Pfannerstill Valleys', 'tmuller@example.net'),
(96, 'Dr. Anibal Greenholt', '99421 Koch Ridges Apt. 619', 'denesik.lazaro@example.com'),
(97, 'Ignatius DuBuque', '264 Rice Wells Suite 504', 'edmond46@example.net'),
(98, 'Pat Dietrich IV', '90021 Arely Port Apt. 618', 'wendy70@example.org'),
(99, 'Roel Fahey', '294 Lockman Crossroad Apt. 924', 'hand.tiffany@example.org'),
(100, 'Angela Langosh Jr.', '2592 Kshlerin Cove Suite 828', 'grant.lane@example.org'),
(101, 'Giovanni Wunsch', '4514 Vernie Mission Apt. 066', 'shamill@example.com'),
(102, 'Letitia Weimann', '1982 Yost Center', 'osbaldo.thiel@example.org'),
(103, 'Frances Cruickshank', '8304 Elody Flats Suite 962', 'lennie.greenfelder@example.com'),
(104, 'Carlo Schmitt', '0128 Nolan Motorway Suite 085', 'adolphus.harris@example.com'),
(105, 'Dr. Santino Yundt', '2880 Lesch Forge', 'pswift@example.com'),
(106, 'Prof. Mitchell Harber PhD', '2774 Schultz Hollow', 'kian.cremin@example.net'),
(107, 'Sammy Dicki', '731 Josh Mount', 'uriel.jenkins@example.net'),
(108, 'Albin Mills Jr.', '715 Bernhard Radial Apt. 165', 'muller.christiana@example.org'),
(109, 'Syble Gerlach', '28413 Schiller Falls Apt. 383', 'mills.santa@example.net'),
(110, 'Dena Cruickshank Sr.', '68717 Romaguera Freeway Suite 483', 'kstark@example.net'),
(111, 'Bettye Gerhold PhD', '681 Oberbrunner Islands', 'margaretta.crooks@example.net'),
(112, 'Candelario McDermott', '4839 Stokes Station Suite 684', 'fermin06@example.com'),
(113, 'Ted Buckridge', '111 Kiehn Lock', 'stark.loren@example.net'),
(114, 'Elias O\'Conner', '59561 Madisyn Stravenue Suite 557', 'kevon75@example.net'),
(115, 'Chaya Murphy', '7708 Ernser Tunnel Apt. 839', 'crawford.fisher@example.org'),
(116, 'Tamara Frami', '4827 Gulgowski Spurs Suite 957', 'homenick.shania@example.net'),
(117, 'Mrs. Emmalee Bayer', '87125 Christiansen Cape', 'tgislason@example.org'),
(118, 'Savanna Schamberger', '98377 Davion Stravenue Apt. 574', 'celia.mosciski@example.com'),
(119, 'Elza Legros', '591 Crist Trail Apt. 757', 'misael74@example.com'),
(120, 'Prof. Kraig Cummings DVM', '362 Katelynn Well', 'wilhelm.klocko@example.net'),
(121, 'Aliyah Donnelly', '3797 Delilah Burg Suite 500', 'jay58@example.net'),
(122, 'Tyrese Hermiston I', '28821 Considine Alley', 'estell41@example.net'),
(123, 'Mr. Earl Vandervort I', '154 Sawayn Mills', 'braeden95@example.net'),
(124, 'Ms. Alvena Steuber', '885 Breitenberg Street Suite 455', 'kbeatty@example.net'),
(125, 'Blaze Pollich DDS', '307 Brionna Mission Apt. 807', 'whegmann@example.net'),
(126, 'Mrs. Bridget Jacobi V', '7923 Fadel Crossing', 'jacey.abernathy@example.net'),
(127, 'Therese Sporer', '907 D\'Amore Walks', 'trey45@example.org'),
(128, 'Ottilie Crist', '6142 Ziemann Expressway Suite 630', 'moshe91@example.net'),
(129, 'Miss Ida Fahey', '484 Considine Stream', 'mae.rodriguez@example.org'),
(130, 'Vince Schmitt', '8298 Fisher Oval Suite 332', 'oblock@example.org'),
(131, 'Hilario Schumm', '8195 Adonis Run', 'elsie.strosin@example.com'),
(132, 'Freddy Adams', '83544 Nels Causeway Suite 620', 'garnett.quigley@example.net'),
(133, 'Ray Ledner', '9760 Carroll Loop', 'yhuel@example.org'),
(134, 'Zoey Bergnaum', '46823 Klein Mountain', 'rstroman@example.net'),
(135, 'Hailey Mosciski', '2401 Deckow Village Suite 839', 'fay.skylar@example.org'),
(136, 'Jessy Dicki', '059 Cornelius Isle', 'noelia.grimes@example.com'),
(137, 'Adrian DuBuque', '9382 Javonte Dam', 'sydni09@example.org'),
(138, 'Colt Hodkiewicz', '37166 Lynch Creek', 'rice.ally@example.com'),
(139, 'Mr. Salvador Buckridge DDS', '29720 Weston Walk', 'ggutmann@example.org'),
(140, 'Vesta Schmeler II', '524 Steuber Key Suite 496', 'carroll.evie@example.com'),
(141, 'Roosevelt Hilll', '3875 Zachery Ridge', 'breana.hickle@example.net'),
(142, 'Kayden Adams II', '0499 Willie Ville', 'christina.dach@example.net'),
(143, 'Levi Lebsack', '36951 Bernhard Fields', 'gleichner.mae@example.com'),
(144, 'Stanton Kuhic', '70838 Wisozk Harbors Apt. 301', 'tdeckow@example.org'),
(145, 'Mr. Edmund Nolan DDS', '199 Benjamin Radial Apt. 026', 'izabella.eichmann@example.com'),
(146, 'Agustina Frami', '19462 Jakubowski Dam Suite 189', 'jwisozk@example.com'),
(147, 'Bettie Kris', '834 Athena Rapid', 'ethan.kshlerin@example.com'),
(148, 'Vella Howe PhD', '863 Gorczany Point', 'deondre67@example.net'),
(149, 'Prof. Alberto Dach', '5309 Ricardo Garden Apt. 473', 'goyette.cindy@example.org'),
(150, 'Deon Ortiz', '888 Erin Lake Apt. 506', 'dan47@example.net'),
(151, 'Maximillian Blanda', '43118 Jammie Plains', 'haley.leopold@example.org'),
(152, 'Brando Brakus', '07303 Braulio Haven Apt. 005', 'mraz.arianna@example.net'),
(153, 'Shaun Farrell', '686 Batz Camp Apt. 156', 'kendall.marvin@example.org'),
(154, 'Norris Ritchie', '5364 Izaiah Street Apt. 583', 'jaren.johns@example.com'),
(155, 'Eleonore Dibbert', '519 Norval Ports', 'emmerich.robert@example.com'),
(156, 'Deondre Davis', '580 Hyatt Shore', 'eudora74@example.com'),
(157, 'Dr. Mauricio Gerlach II', '53985 Heath Creek Suite 692', 'fay.clay@example.net'),
(158, 'Elva Smitham', '17254 Flatley Summit Apt. 220', 'marianna03@example.net'),
(159, 'Dr. Tevin Trantow Sr.', '016 Raymundo Mountains Suite 056', 'toy.alejandrin@example.org'),
(160, 'Molly Glover', '332 Karl Union', 'jake23@example.org'),
(161, 'Desiree Bogan Sr.', '886 Cole Crest Apt. 896', 'murazik.adriana@example.com'),
(162, 'Skylar Gusikowski', '9122 Saul Bypass Suite 336', 'eve.wolf@example.com'),
(163, 'Prof. Darlene Huels Sr.', '68647 D\'Amore Burgs Apt. 035', 'abigale.padberg@example.org'),
(164, 'Prof. Albertha Bernhard V', '1225 Hilbert Lane Apt. 956', 'lang.mauricio@example.org'),
(165, 'Marjorie Torphy I', '984 Vandervort Heights', 'hane.mariam@example.net'),
(166, 'Delta Marquardt IV', '3465 Janae Parks', 'alec94@example.net'),
(167, 'Wilbert Rau III', '16661 Lindgren Brooks Suite 109', 'sabina35@example.org'),
(168, 'Prof. Clemens Padberg DVM', '0861 Stiedemann Ferry Suite 347', 'bhomenick@example.com'),
(169, 'Holly Champlin III', '64040 Garnet Spur Apt. 474', 'hickle.berry@example.org'),
(170, 'Miss Allison Beer DVM', '889 Waters Villages Suite 954', 'braxton.rogahn@example.net'),
(171, 'Haylie Koss PhD', '76689 Jones Lake Suite 721', 'qanderson@example.net'),
(172, 'Marshall Schamberger DDS', '5402 Moen Plain Suite 210', 'thomas19@example.net'),
(173, 'Joshuah Goodwin', '78485 Eve Lodge Apt. 463', 'karley.okuneva@example.org'),
(174, 'Eladio Wuckert PhD', '29779 Brandi Center', 'zdurgan@example.net'),
(175, 'Izaiah Ortiz', '77555 Adela Underpass', 'nikolas60@example.net'),
(176, 'Mr. Halle Fadel PhD', '033 Hilpert Villages', 'nyasia.nienow@example.org'),
(177, 'Deon Gorczany', '9753 Predovic Trail', 'layla.bogan@example.org'),
(178, 'Anderson Feeney', '9455 Mraz Parks', 'marjory.lynch@example.org'),
(179, 'Miss Ella Bailey', '0020 Champlin Dam', 'jenifer54@example.net'),
(180, 'Braden Crist II', '953 Ferry Fields', 'kpurdy@example.net'),
(181, 'Dr. Miracle Kunde', '63026 Blair Club Suite 264', 'luna.ebert@example.net'),
(182, 'Randy Renner', '9566 Roscoe Junction', 'sofia74@example.net'),
(183, 'Skye Keeling', '52469 Orval Corner', 'theo32@example.com'),
(184, 'Lora Fay', '460 Rigoberto Streets', 'kris.unique@example.com'),
(185, 'Eliseo Gusikowski DDS', '38579 Freeman Stravenue', 'magdalen22@example.net'),
(186, 'Ozella Blanda', '6124 Candido Forge', 'laurianne.torp@example.net'),
(187, 'Anastasia Medhurst', '219 Pagac Street Suite 684', 'trantow.samara@example.net'),
(188, 'Lina Beahan', '633 Rolfson Inlet Suite 988', 'melba.kuhic@example.org'),
(189, 'Ludie Ward III', '665 Jany Falls Apt. 501', 'aida56@example.org'),
(190, 'Mattie Howe', '9063 Mary Falls Apt. 659', 'kward@example.com'),
(191, 'Jamison Kub', '167 Buckridge Prairie', 'dahlia.schroeder@example.net'),
(192, 'Devonte Yost', '1665 Johathan Falls', 'wuckert.camron@example.org'),
(193, 'Ms. Jena Kertzmann', '6430 Schowalter Summit Apt. 250', 'michelle.feil@example.net'),
(194, 'Claude Conn', '98344 Effertz Lodge', 'hoppe.rupert@example.com'),
(195, 'Mrs. Juliet Olson', '386 Lesch Park Suite 451', 'bradford.fahey@example.net'),
(196, 'Cydney Ullrich', '6297 Lesch Village', 'jazlyn44@example.net'),
(197, 'Damaris Moore', '616 Erin Rue', 'fkuphal@example.com'),
(198, 'Prof. Julio Altenwerth', '2561 Caesar Loaf Apt. 563', 'jamarcus.mann@example.org'),
(199, 'Mr. Samir Johnson Sr.', '14330 Hortense Oval', 'rodrick.stanton@example.org'),
(200, 'Dale Quigley', '48953 Aufderhar Loaf Suite 595', 'trey.pouros@example.org'),
(201, 'Braeden Kuhn', '06624 Benton Park', 'bkirlin@example.com'),
(202, 'Saige Gorczany', '561 Reyes Landing Suite 582', 'xschumm@example.net'),
(203, 'Winston Dare', '66565 Hallie Walk', 'pollich.eleonore@example.org'),
(204, 'Obie Krajcik', '4969 Hegmann Parkway', 'elvera55@example.com'),
(205, 'Henderson Lang MD', '290 Victoria Circles Suite 217', 'buford98@example.net'),
(206, 'Dr. Eli Rowe', '5221 Boehm Trace', 'helmer73@example.com'),
(207, 'Miss Onie Bartoletti DDS', '6968 Spinka Court', 'brooklyn.morissette@example.net'),
(208, 'Prof. Leonardo Parker V', '15306 Homenick Walk Suite 641', 'luettgen.rory@example.net'),
(209, 'Susan Halvorson', '87655 O\'Kon Bypass', 'ritchie.hosea@example.org'),
(210, 'Maximo Blanda', '759 Celia Mission Apt. 762', 'alberta15@example.org'),
(211, 'Noah Wunsch', '100 Hartmann Roads', 'imani19@example.com'),
(212, 'Candida Wilderman MD', '4793 Favian Skyway Apt. 597', 'ethelyn82@example.org'),
(213, 'Miss Anabel Sipes', '93014 Cecile Mountains Suite 346', 'syble80@example.net'),
(214, 'Giovanni Torphy', '831 Torphy Harbors', 'alexane10@example.com'),
(215, 'Noe Daniel', '63566 Reichel Knolls Suite 571', 'lavon.miller@example.com'),
(216, 'Kariane Mueller', '2430 Aurelia Islands Suite 314', 'jkovacek@example.org'),
(217, 'Ahmed Green', '9265 Stamm Gardens Suite 922', 'giuseppe.bartell@example.net'),
(218, 'Freddy Nicolas', '488 Hodkiewicz View', 'neal68@example.org'),
(219, 'Linnie Reilly', '751 Towne Trace', 'ward.vallie@example.com'),
(220, 'Nat Cormier', '402 Henri Curve Suite 112', 'candido21@example.com'),
(221, 'Eloy Adams', '774 Schulist Spring Apt. 901', 'darrel47@example.net'),
(222, 'Prof. Maverick Block PhD', '898 Annamae Mill Suite 205', 'lyric.wyman@example.net'),
(223, 'Kiera Wolf', '973 Howe Falls', 'jwolf@example.net'),
(224, 'Yasmeen Bartoletti', '540 Shyann Extensions Suite 985', 'bupton@example.com'),
(225, 'Bernita Williamson', '370 Wilderman Forges Suite 810', 'zemlak.pearline@example.net'),
(226, 'Aniya Kutch', '054 Arvilla Cliff', 'rherman@example.com'),
(227, 'Miss Willow Morar DVM', '63090 Hegmann Underpass', 'mzieme@example.org'),
(228, 'Ashly Shanahan', '7267 Wilson Prairie Suite 440', 'vesta.powlowski@example.net'),
(229, 'Burdette Dickens', '038 Emilie Gardens Suite 565', 'aufderhar.angelica@example.net'),
(230, 'Prof. Jamarcus Jacobi PhD', '955 Pietro Route', 'uwolff@example.net'),
(231, 'Mauricio Hackett', '856 Heaney Drive', 'haven08@example.com'),
(232, 'Mrs. Darlene Hayes DVM', '72791 Meaghan Roads Suite 828', 'lehner.lionel@example.org'),
(233, 'Frank McKenzie', '9549 Mathew Wells', 'haskell.murazik@example.org'),
(234, 'Prof. Kailyn Mills PhD', '082 Stehr Trail', 'garth60@example.net'),
(235, 'Gladyce Stiedemann', '14114 Bernhard Harbors', 'brendon28@example.net'),
(236, 'Neoma Rosenbaum', '9056 Sarina Summit Apt. 595', 'waters.amya@example.net'),
(237, 'Juanita Rice', '06651 Joesph Lights Apt. 793', 'therese.kozey@example.org'),
(238, 'Flossie Ledner', '8724 Jast Terrace Suite 567', 'jakayla.grady@example.net'),
(239, 'Taya Leffler', '5322 Herman Rapids Suite 701', 'kevon50@example.net'),
(240, 'Nina Heathcote', '20984 Betsy Locks', 'bergnaum.hulda@example.com'),
(241, 'Viva Russel', '08466 Pacocha Shores', 'merritt18@example.net'),
(242, 'Scarlett Ernser PhD', '8013 Harry Mountains', 'turcotte.janis@example.net'),
(243, 'Mrs. Lonie O\'Reilly', '57024 Cielo Keys Apt. 121', 'loma.gerhold@example.org'),
(244, 'Lessie Frami V', '0397 DuBuque Row Suite 312', 'unique.von@example.org'),
(245, 'Eladio Hegmann IV', '8690 Reynolds Vista', 'vivianne.klocko@example.org'),
(246, 'Toy Blanda', '669 Walter Highway', 'tbednar@example.com'),
(247, 'Petra Bayer', '8290 Sipes Station Suite 716', 'rowe.darius@example.com'),
(248, 'Miss Era Rau', '2274 Senger Fork', 'zrenner@example.org'),
(249, 'Prudence O\'Connell', '860 Dickinson Junction Suite 681', 'reggie.towne@example.com'),
(250, 'Saige King', '201 Rhoda Corner', 'padberg.natalie@example.com'),
(251, 'Jeremy Barton', '0089 Garret Islands Suite 634', 'mann.nora@example.com'),
(252, 'Glenna Lowe', '977 Lilly Corner Apt. 319', 'willie67@example.com'),
(253, 'Peyton Johns Jr.', '4161 Bednar Centers', 'neha36@example.org'),
(254, 'Kaley Ullrich', '951 Aidan Pine', 'destany99@example.org'),
(255, 'Vicky Beatty', '0817 Daisha Center', 'eskiles@example.com'),
(256, 'Rylan Schmeler', '4908 Cathy Fort Apt. 258', 'lkuhn@example.org'),
(257, 'Tracy Corkery', '860 Langworth Overpass Apt. 422', 'thiel.shana@example.com'),
(258, 'Felipe Treutel', '058 Fahey Roads', 'celestino69@example.org'),
(259, 'Dariana Ledner', '67491 Raegan Gateway Apt. 020', 'dmills@example.net'),
(260, 'Camren Watsica', '1013 Zoila Centers Suite 535', 'william.cartwright@example.com'),
(261, 'Marina Schneider', '07148 Kub River', 'rolfson.adolph@example.net'),
(262, 'Prof. Maverick Terry Sr.', '26564 Friesen Keys Apt. 230', 'candace.okuneva@example.org'),
(263, 'Prof. Garrett Mertz MD', '0237 Sheridan Loop', 'fritsch.mortimer@example.com'),
(264, 'Reanna Zemlak', '5548 Tavares Harbors Suite 882', 'casper.mattie@example.com'),
(265, 'Camryn Hudson', '77691 Schroeder Roads Apt. 734', 'asha.robel@example.org'),
(266, 'Miss Missouri Terry I', '160 Zboncak Course', 'brown.maxime@example.net'),
(267, 'Alexanne Carroll', '9212 Keara Bridge', 'lcronin@example.com'),
(268, 'Brandon Bruen', '3038 Magnolia Junction', 'jvon@example.net'),
(269, 'Charity Kutch', '34998 Antone Knoll Suite 249', 'aracely11@example.net'),
(270, 'Roy Gutkowski', '7393 Schroeder Lodge', 'anderson40@example.com'),
(271, 'Liza Walsh', '54693 Dayna Burgs', 'sadie29@example.net'),
(272, 'Brycen Kshlerin MD', '36554 Stefan Vista', 'pat.brekke@example.net'),
(273, 'Lisette Kozey', '0878 Hilario Hollow', 'brannon38@example.com'),
(274, 'Pauline Stanton', '8360 Dare Orchard', 'victoria13@example.org'),
(275, 'Don Mosciski III', '13331 Pouros Lake', 'tremblay.mazie@example.net'),
(276, 'Darrell Kessler', '61246 Emard Ports', 'murphy.fabiola@example.net'),
(277, 'Anahi Powlowski', '61304 Rath Islands', 'destiney.doyle@example.org'),
(278, 'Zola Stehr', '709 Jermain Plaza Apt. 274', 'cummerata.shaun@example.net'),
(279, 'Mr. Alan Gulgowski', '8862 Casper Tunnel', 'quentin.haley@example.org'),
(280, 'Otho Romaguera', '75590 Mueller Ways', 'desiree87@example.net'),
(281, 'Leonardo Brown', '8670 Caitlyn Ranch', 'florencio55@example.net'),
(282, 'Prof. Xander Kovacek', '73714 Harold Forges Apt. 664', 'alexandria52@example.net'),
(283, 'Dr. Destinee Kris I', '583 Cartwright Spurs Suite 241', 'bradley.cole@example.com'),
(284, 'Jarrett Jaskolski', '8044 Camron Mount', 'lucile.bernhard@example.net'),
(285, 'Justen Ruecker', '692 Name Throughway', 'stoy@example.com'),
(286, 'Terence Rempel', '1389 Gaetano Camp', 'knikolaus@example.com'),
(287, 'Ms. Marianne Heaney', '0413 Shirley Lake', 'maximillia.franecki@example.org'),
(288, 'Chadrick Zieme', '07943 Heller Flat', 'buckridge.jed@example.com'),
(289, 'Gracie Johns', '726 Bradley Isle', 'stefanie46@example.org'),
(290, 'Miss Jeanette Kohler', '2371 Kling Plains', 'lauretta13@example.org'),
(291, 'Irving Goodwin', '211 Dicki Shores Apt. 807', 'wellington.bins@example.net'),
(292, 'Kraig Abshire', '34914 Aliza Union', 'gerardo.frami@example.org'),
(293, 'Devin Jerde', '6486 Trycia Villages Apt. 450', 'brock96@example.org'),
(294, 'Dolores Blick', '025 Lavern Summit Suite 167', 'itzel.leffler@example.org'),
(295, 'Prof. Efrain Nienow MD', '1005 Kayli Freeway Apt. 023', 'lucy94@example.org'),
(296, 'Vince Ratke II', '34276 Polly Hills', 'bria.bergstrom@example.org'),
(297, 'Maegan Hauck', '2851 Leanna Ports', 'tyra66@example.net'),
(298, 'Pat McLaughlin DDS', '56834 Geovanny Common Suite 144', 'kiarra87@example.com'),
(299, 'Carolina Aufderhar', '6894 Hermiston Plain', 'ytorphy@example.com'),
(300, 'Ocie Klein', '6762 Marvin Centers Apt. 763', 'myrtice.willms@example.com'),
(301, 'Miss Rosalinda Barrows II', '6873 Schuppe Roads Suite 949', 'erin.ernser@example.com'),
(302, 'Dr. Jonathon Waters', '060 Bernhard Curve', 'walker.gillian@example.org'),
(303, 'Isaac Barton I', '45281 Miguel Summit', 'kathlyn.jaskolski@example.com'),
(304, 'Angie Bogisich', '250 Jayce Ferry', 'alexandrea.buckridge@example.net'),
(305, 'Augusta Ratke IV', '49193 Edna Forges', 'vandervort.marcia@example.com'),
(306, 'Milton Goodwin', '24938 Rempel Rapids', 'nspencer@example.net'),
(307, 'Alessandro Purdy', '074 Freddie Valleys Apt. 914', 'wwhite@example.com'),
(308, 'Marjolaine Little I', '79657 Benton Pike Apt. 842', 'ykessler@example.org'),
(309, 'Ms. Dixie Jones', '9713 Annamae Avenue Apt. 836', 'ubaldo.leuschke@example.org'),
(310, 'Prof. Adrianna Mills MD', '274 Maud Roads Apt. 003', 'pacocha.norwood@example.org'),
(311, 'Mr. Cecil Yundt', '07022 Beier Heights Apt. 180', 'noble49@example.com'),
(312, 'Anissa Wiza', '1454 Stroman Wall Suite 741', 'arch.hauck@example.com'),
(313, 'Mrs. Savannah Morissette Sr.', '7722 Schmeler Inlet Apt. 251', 'larkin.nathanael@example.com'),
(314, 'Dr. Cleve Kessler I', '35675 Quentin Mall', 'german08@example.org'),
(315, 'Dr. Emory Moore', '70029 Francisco Glens Apt. 644', 'ynikolaus@example.com'),
(316, 'Hannah Denesik II', '83968 Michelle Road', 'hilpert.mikayla@example.org'),
(317, 'Cordelia Batz', '393 Mitchell Branch', 'antonio.wilderman@example.net'),
(318, 'Green Lakin DVM', '5036 Otha Rest Suite 680', 'ljakubowski@example.com'),
(319, 'Aileen Wyman', '588 Lupe Burgs', 'alexis83@example.net'),
(320, 'Antwon Russel', '801 Francis Islands', 'purdy.jarred@example.org'),
(321, 'Dr. Garth Hoeger', '49962 Considine Field', 'ida.harber@example.com'),
(322, 'Patrick Dickens', '1459 Ozella Landing', 'hklocko@example.org'),
(323, 'Gonzalo Little', '68971 Schulist Drive Suite 120', 'fvandervort@example.com'),
(324, 'Trace Jakubowski', '825 Margret Parks Apt. 412', 'carolyn20@example.net'),
(325, 'Miss Eleonore Cole MD', '7195 Weissnat Run Suite 622', 'lbaumbach@example.net'),
(326, 'Prof. Imelda Koss Sr.', '9642 Konopelski Flat', 'daugherty.cristina@example.org'),
(327, 'Matilda Trantow', '4630 Williamson Burg', 'wintheiser.dion@example.net'),
(328, 'Prof. Elody Wyman', '41661 Krajcik Wall', 'hollie.johns@example.org'),
(329, 'Bud Pfannerstill V', '53589 Huels Knoll Apt. 626', 'erdman.melvin@example.com'),
(330, 'Miss Laurence Champlin DDS', '0220 Padberg Well Apt. 382', 'boyle.jose@example.net'),
(331, 'Mitchell Homenick II', '52875 Lloyd Villages Suite 115', 'kunze.keanu@example.com'),
(332, 'Araceli Sanford', '586 Guadalupe Tunnel', 'upton.lucius@example.net'),
(333, 'Gilda Labadie', '85744 Justyn Village', 'princess.nienow@example.com'),
(334, 'Kadin Morar', '9853 Chaya Burgs', 'madisen.feil@example.com'),
(335, 'Wilmer Grant PhD', '3774 Lubowitz Meadows', 'estefania35@example.org'),
(336, 'Dr. Maybell Dietrich Jr.', '32321 Delphia Estate Apt. 706', 'sipes.chanelle@example.org'),
(337, 'Prof. Giles Mitchell', '842 Jeffery Union', 'cydney61@example.net'),
(338, 'Prof. Giuseppe Sawayn III', '9595 Satterfield Lakes Apt. 498', 'margaret14@example.org'),
(339, 'Winnifred Klein', '6493 Lockman Square Suite 610', 'cyril.russel@example.net'),
(340, 'Tianna Rohan', '0610 Breitenberg Circles', 'green.rahsaan@example.net'),
(341, 'Mr. Eino Schaden IV', '566 Champlin Islands Suite 245', 'kathryne.cormier@example.net'),
(342, 'Humberto McKenzie', '67909 Yasmeen Tunnel', 'lynch.ladarius@example.net'),
(343, 'Amelia Beer', '5275 Kuhic Highway Suite 744', 'allie.o\'connell@example.org'),
(344, 'Alexa Schumm III', '27367 Schiller Tunnel Suite 181', 'estrella.cole@example.com'),
(345, 'Ebony Greenholt', '61459 Spinka Hill', 'mafalda75@example.net'),
(346, 'Araceli Dare', '75207 Haley Port Suite 580', 'veronica46@example.org'),
(347, 'Abdullah Mertz', '21239 Russel Walk Apt. 806', 'ubatz@example.com'),
(348, 'Keely Gutkowski', '93918 Kian Brook', 'zulauf.kaley@example.com'),
(349, 'Candice Murphy', '0696 Hilton Track', 'lang.jalyn@example.org'),
(350, 'Porter Keeling', '82374 Jarred Pike', 'tprosacco@example.com'),
(351, 'Prof. Enos Lang DDS', '417 Bernier Viaduct', 'aturner@example.com'),
(352, 'Jerel Bogisich', '46383 Yost Tunnel Apt. 196', 'nola95@example.net'),
(353, 'Prof. Tania Haag', '543 Amelia Stravenue', 'crussel@example.com'),
(354, 'Crystal Corwin', '4107 Price Path Suite 361', 'qreinger@example.net'),
(355, 'Camren Leffler Sr.', '942 West Square Suite 540', 'dusty66@example.com'),
(356, 'Dr. Vena Hyatt', '65612 Parisian Keys', 'uriel18@example.org'),
(357, 'Cordell Bartoletti', '93279 Colt Loop Apt. 097', 'esipes@example.com'),
(358, 'Prof. Colby Nienow', '8875 Reyes Estates Suite 421', 'hegmann.aliya@example.net'),
(359, 'Dr. Enoch Langosh PhD', '063 Turner Flats Apt. 156', 'rodrick.runolfsson@example.net'),
(360, 'Flavie Welch', '5127 Bayer Forge Apt. 434', 'marquis.ortiz@example.net'),
(361, 'Fay Koepp', '441 Sid Hill Suite 683', 'theresa72@example.net'),
(362, 'Prof. Tracy Connelly MD', '303 Selena Glens', 'zack11@example.com'),
(363, 'Reinhold Dooley', '870 Reilly Divide', 'claud57@example.net'),
(364, 'Rocio Bartoletti', '0848 Kadin Neck', 'hodkiewicz.garland@example.org'),
(365, 'Terrill Hills', '9954 McKenzie Unions', 'brutherford@example.com'),
(366, 'Lori Funk', '20553 Predovic Lakes', 'corine.murray@example.com'),
(367, 'Miss Wilhelmine Berge', '37583 Barrett Alley', 'lyric92@example.com'),
(368, 'Orland Nolan', '73488 West Well Apt. 601', 'effertz.zaria@example.net'),
(369, 'Ara Willms DVM', '2794 Zachary Groves Apt. 012', 'mueller.lila@example.com'),
(370, 'Brandy Anderson', '643 Rocio Avenue Apt. 492', 'ansel26@example.net'),
(371, 'Dr. Guillermo Crona', '47460 Maryse Junction Apt. 190', 'buckridge.wyman@example.org'),
(372, 'Prof. Devin Turner', '935 Marks Course Apt. 083', 'nigel30@example.com'),
(373, 'Mackenzie Bins Jr.', '376 Hansen Squares Apt. 464', 'adolph.casper@example.com'),
(374, 'Dangelo Schultz', '4828 Effertz Pine', 'kutch.julie@example.com'),
(375, 'Tremayne Hudson', '06754 Paucek Plaza Suite 055', 'kihn.autumn@example.com'),
(376, 'Prof. Percival Wisoky', '244 Liana Forges Suite 489', 'marielle94@example.org'),
(377, 'Krystel Funk', '12777 Jewell Cliffs', 'bode.steve@example.net'),
(378, 'Jaleel Bins', '890 Gina Trail', 'agnes.weimann@example.org'),
(379, 'Gracie McClure', '724 Glover Corners Suite 377', 'kariane.huels@example.net'),
(380, 'Prof. Hyman Breitenberg III', '1858 Liana Locks', 'katrina15@example.net'),
(381, 'Conner Lockman', '14108 Beier Path', 'tbartoletti@example.com'),
(382, 'Roman Schuster', '4828 Rosie Summit', 'zane04@example.com'),
(383, 'Maximus Brakus', '5837 Gwendolyn Lock', 'raltenwerth@example.org'),
(384, 'Stefanie Schumm', '838 Russ Ridges Apt. 279', 'aditya.cormier@example.com'),
(385, 'Opal Walter', '05508 River Knolls Apt. 889', 'mraz.angelica@example.net'),
(386, 'Keegan Hessel V', '48095 Mittie Knoll Apt. 076', 'awisoky@example.net'),
(387, 'Mrs. Bulah Mraz', '4003 Shea Stream', 'wintheiser.immanuel@example.org'),
(388, 'Prof. Amely O\'Reilly', '156 Collier Drive Suite 494', 'reba92@example.org'),
(389, 'Bartholome Mitchell', '51450 Nicholas Junction Apt. 382', 'smith.emerald@example.org'),
(390, 'Krista Dietrich', '3739 Kiel Mills', 'lukas72@example.com'),
(391, 'Gaylord Murray', '720 Wiegand Valleys Suite 876', 'mayert.vaughn@example.com'),
(392, 'Maxine Donnelly', '4839 Cyril Dale Apt. 701', 'gerlach.hilario@example.com'),
(393, 'Mr. Sanford Aufderhar I', '697 Mozell Ford Suite 860', 'borer.sam@example.net'),
(394, 'Norwood Auer', '636 Schamberger Grove', 'arvilla32@example.org'),
(395, 'Hellen Hermiston', '2725 Fadel Tunnel Apt. 419', 'ybednar@example.org'),
(396, 'Aryanna Schoen', '05359 Welch Islands Suite 265', 'kdurgan@example.net'),
(397, 'Georgette Balistreri', '93364 Spinka Brooks Apt. 175', 'braden96@example.net'),
(398, 'Remington Daugherty', '643 Orval Rue Suite 537', 'angus.gerhold@example.net'),
(399, 'Alexandria Bruen', '54904 Marquardt Forges Suite 269', 'gardner.bogisich@example.org'),
(400, 'Mr. Orion Beer', '671 Arturo Circles', 'altenwerth.clemmie@example.net'),
(401, 'Sydnie Waters Jr.', '633 Murazik Ridges', 'era55@example.org'),
(402, 'Dr. Parker Lesch MD', '6748 Borer Underpass Suite 634', 'bayer.al@example.net'),
(403, 'Adolphus Feeney', '96897 Madisyn Manor Apt. 033', 'milan10@example.com'),
(404, 'Elenor Runte', '0720 Aisha Port', 'bechtelar.adeline@example.net'),
(405, 'Drake Beier', '33608 Orin Turnpike Apt. 400', 'estevan.anderson@example.org'),
(406, 'Mrs. Josephine Raynor', '898 Declan Port', 'qstroman@example.net'),
(407, 'Ms. Gisselle Cummings Sr.', '6077 Gardner Neck Apt. 951', 'gutkowski.rylee@example.com'),
(408, 'Jane Beer MD', '7401 Schmidt Estates Suite 360', 'adrienne.lueilwitz@example.org'),
(409, 'Jamey Douglas', '419 Blaise Junction Apt. 812', 'yaufderhar@example.org'),
(410, 'Miss Pasquale Blick II', '04511 Kirlin Greens Apt. 671', 'carleton.hills@example.org'),
(411, 'Dr. Bernadine Hegmann', '96516 Beth Road', 'darrick27@example.com'),
(412, 'Cydney Homenick', '624 Phyllis Track Suite 415', 'sam.nolan@example.com'),
(413, 'Miss Kaci Beer MD', '3334 Abigayle Course', 'wisoky.sheila@example.net'),
(414, 'Anthony Champlin', '174 Jordane Road Apt. 378', 'bcorkery@example.com'),
(415, 'Mustafa Labadie', '1798 Rigoberto Lodge', 'marcus58@example.net'),
(416, 'Minerva Powlowski', '559 Dare Trail Apt. 955', 'moen.aileen@example.org'),
(417, 'Dr. Elroy McKenzie DDS', '7219 Don Burgs', 'janice80@example.org'),
(418, 'Jewell Conroy', '4660 Beer Forest', 'romaguera.uriah@example.org'),
(419, 'Prof. Jovan Walsh MD', '9226 Camryn Isle', 'shaun62@example.net'),
(420, 'Fabian Gibson', '540 Schroeder Springs Apt. 845', 'stroman.beth@example.net'),
(421, 'Lucio Farrell', '606 Declan Curve', 'myrtice76@example.com'),
(422, 'Buddy D\'Amore', '91137 Bessie Locks Suite 923', 'dejon77@example.com'),
(423, 'Ms. Leonie Jones', '31498 Feeney Station Suite 553', 'rosalinda.heller@example.net'),
(424, 'Augustine Bartoletti', '750 Darren Gateway Suite 814', 'pcronin@example.com'),
(425, 'Joyce Fadel', '78023 Wehner Hollow', 'baby51@example.com'),
(426, 'Sammie Witting', '03476 Shea Cliffs Apt. 979', 'aurelio.schultz@example.com'),
(427, 'Hyman Gorczany Sr.', '45877 Hans Station', 'cordell79@example.com'),
(428, 'Mrs. Rhea Monahan I', '88078 Sauer Mills Suite 461', 'dspencer@example.com'),
(429, 'Miss Kaylin Jenkins', '13387 Lemke Lodge Suite 285', 'rosella.senger@example.org'),
(430, 'Mrs. Johanna Senger PhD', '32416 Letha Vista Suite 684', 'harvey.zola@example.net'),
(431, 'Mrs. Etha Feeney', '49149 Wisozk Greens', 'juliana.thiel@example.com'),
(432, 'Emory Borer', '858 Beier Expressway Apt. 557', 'jennyfer67@example.org'),
(433, 'Liza Huels', '34452 Kylie Rue', 'rdare@example.com'),
(434, 'Rosalinda King V', '382 Dicki Spurs', 'chanelle17@example.net'),
(435, 'Adelia Stehr', '8991 Karley Lights', 'adolphus41@example.net'),
(436, 'Mr. Torrance Boyer', '1001 Marquardt Shore', 'gottlieb.jo@example.net'),
(437, 'Clemmie Okuneva', '1253 Harley Center', 'friesen.alta@example.org'),
(438, 'Dr. Christine Dietrich Jr.', '0517 Aimee Springs Suite 981', 'homenick.madison@example.org'),
(439, 'Arch Haley DVM', '123 Aiyana Center Suite 243', 'lera.reichert@example.net'),
(440, 'Flavie Stroman', '28798 Durgan Valley', 'caesar.willms@example.com'),
(441, 'Sidney Pfannerstill', '320 Rolfson Causeway Suite 037', 'eveum@example.net'),
(442, 'Mr. Nelson Graham', '398 Sylvester Forest', 'agustina39@example.com'),
(443, 'Kristian Bogan V', '2610 Windler Turnpike', 'frami.devyn@example.net'),
(444, 'Mr. Brendon Dicki Jr.', '6579 Zelda Row', 'orpha93@example.com'),
(445, 'Ms. Serena Harber DDS', '0850 Destiney Fall', 'wward@example.com'),
(446, 'Vivienne Deckow', '5020 Bins Ramp Apt. 608', 'deondre51@example.com'),
(447, 'Jared Hermiston', '007 Leslie Trail', 'napoleon55@example.com'),
(448, 'Estel Aufderhar Sr.', '11637 Hirthe Forks Suite 589', 'amani.klocko@example.org'),
(449, 'Baylee Hackett II', '237 Elmo Turnpike Suite 059', 'west.polly@example.com'),
(450, 'Rosendo Romaguera', '0258 Schimmel Center', 'aconn@example.com'),
(451, 'Felicia Kunze Jr.', '84563 Rebeka Lights Suite 415', 'waters.kelli@example.com'),
(452, 'Mr. Nathan Yost Sr.', '662 Swaniawski Drives Suite 047', 'lyda24@example.net'),
(453, 'Desiree Bahringer', '9480 Rolfson Well', 'stroman.jaiden@example.org'),
(454, 'Sage Gutkowski IV', '82407 Esperanza Union', 'lyric.powlowski@example.org'),
(455, 'Mr. Korey Pacocha DDS', '75746 Hilario Square Suite 715', 'strosin.cleve@example.com'),
(456, 'Dedric Jones', '0269 Randy Fields', 'payton90@example.org'),
(457, 'Dr. Irwin Hermiston', '9959 Jedidiah Points Apt. 771', 'ethyl.mann@example.net'),
(458, 'Harrison Huels', '58966 Vesta Field Suite 640', 'hillard.prohaska@example.net'),
(459, 'Furman Bergnaum V', '539 Mueller Station Suite 965', 'murray.jacinto@example.net'),
(460, 'Jadon Spencer', '04240 Cary Rest Apt. 256', 'barrows.eve@example.com'),
(461, 'Charles Rath', '96278 Landen Fort Apt. 318', 'tianna28@example.com'),
(462, 'Sadye Blanda III', '785 Norval Rapids Apt. 565', 'koss.tyrel@example.com'),
(463, 'Lillie Bradtke', '087 Rhett Falls Apt. 408', 'fisher.brenden@example.org'),
(464, 'Mercedes O\'Connell', '06670 Leonor Underpass Suite 539', 'sabrina.windler@example.org'),
(465, 'Ryleigh Ryan', '28993 Hettinger Run', 'grayce49@example.net'),
(466, 'Desiree Dickens Sr.', '9077 Ignatius Cliff Suite 460', 'ggrady@example.net'),
(467, 'Myron Murray', '095 Nyasia Gardens', 'reichert.bobby@example.com'),
(468, 'Prof. Reid Kassulke MD', '1516 Earl Corners', 'ariane28@example.com'),
(469, 'Candida Oberbrunner', '95490 Richard Canyon', 'hhegmann@example.com'),
(470, 'Constantin Collier DVM', '7669 Waldo Islands Apt. 837', 'schiller.alfredo@example.org'),
(471, 'Joana Kuhlman', '7942 Albin Corner', 'derek11@example.net'),
(472, 'Francisco Price', '684 Shayna Ville', 'reggie63@example.net'),
(473, 'Destin Klocko', '332 Yost Crest', 'ethel52@example.org'),
(474, 'Prof. Rafael Hilpert V', '84991 Rosenbaum Loaf Suite 651', 'wyman.otho@example.org'),
(475, 'Dr. Queen Lowe', '050 Frami Throughway Apt. 762', 'watsica.nicola@example.org'),
(476, 'Prof. Alicia Schuppe', '868 Feest Streets', 'shemar71@example.com'),
(477, 'John Buckridge', '65959 Abby Flat Suite 956', 'nedra.reichel@example.org'),
(478, 'Rhianna Grady IV', '4858 Jaylen Plains Apt. 076', 'grutherford@example.org'),
(479, 'Marjory Mayer', '664 Wolff Port Suite 747', 'alarson@example.com'),
(480, 'Andreanne Batz', '5476 Dayton Expressway', 'jonathon.bashirian@example.org'),
(481, 'Judy McClure', '27651 Edward Plain Apt. 771', 'funk.gerry@example.com'),
(482, 'Annalise Effertz', '3998 Teagan Spur', 'trystan.breitenberg@example.com'),
(483, 'Robbie Denesik', '7927 Stroman Mills Apt. 573', 'runolfsdottir.sasha@example.org'),
(484, 'Efren Jacobi', '346 Hegmann Fields Suite 654', 'parisian.bradford@example.org'),
(485, 'Jarrett Goldner', '9763 Terrell Harbors Apt. 297', 'newell51@example.org'),
(486, 'Vita Wilkinson', '7299 Retha Islands Apt. 519', 'leffler.felicity@example.net'),
(487, 'April Kunde', '224 Hudson Grove', 'jaskolski.eileen@example.net'),
(488, 'Reyna Klocko', '2072 Nellie Station', 'stoltenberg.jermey@example.com'),
(489, 'Amparo Hoeger', '11355 Christiana Island', 'theodore.sipes@example.org'),
(490, 'Prof. Lilla Moen', '3509 Kohler Ramp', 'thora.nitzsche@example.net'),
(491, 'Luella Fritsch', '71684 Marquardt Flats', 'fstanton@example.net'),
(492, 'Prof. Emmitt Wolf V', '0084 Hirthe Trafficway Apt. 976', 'lucie95@example.com'),
(493, 'Miss Stella Pouros DDS', '28620 Kemmer Unions', 'treilly@example.org'),
(494, 'Noemie Rohan', '954 Destini Roads Apt. 577', 'salvador.willms@example.net'),
(495, 'Cali O\'Connell DDS', '529 Murazik Extensions Apt. 014', 'vkerluke@example.net'),
(496, 'Lilla Robel Jr.', '252 Salma Road Apt. 933', 'tracy.luettgen@example.com'),
(497, 'Caleb Haag III', '9243 Jarrell Centers', 'price.dameon@example.org'),
(498, 'Royal Morissette', '57124 Randy Drive', 'krowe@example.org'),
(499, 'Mrs. Katlynn Veum', '2704 Dino Stream Apt. 884', 'schuster.abdiel@example.org'),
(500, 'Milan O\'Hara', '1672 Krystina Terrace Suite 264', 'kurtis67@example.com'),
(501, 'Abbie Murray', '40315 Curt Cliff Suite 635', 'simonis.alene@example.com'),
(502, 'Pearlie Kulas', '097 Lenora Crest', 'mann.jordan@example.net'),
(503, 'Macie Denesik', '87356 Phyllis Court', 'darwin.braun@example.com'),
(504, 'Mr. Damion Kohler Sr.', '47517 Davis Park Apt. 980', 'medhurst.lempi@example.org'),
(505, 'Richard Langworth', '404 Tyler Center Suite 169', 'giovanna65@example.net'),
(506, 'Efrain Hagenes V', '049 Kuhn Harbor Apt. 850', 'bechtelar.lauretta@example.net'),
(507, 'Ashleigh Wuckert', '93745 Lemuel Track Suite 618', 'morris.sanford@example.com'),
(508, 'Dr. Laney Padberg Sr.', '5477 Hyatt Fork Apt. 426', 'zack.schmitt@example.org'),
(509, 'Prof. Mekhi Yundt I', '2195 Renner Vista Suite 350', 'hammes.margarete@example.com'),
(510, 'Ms. Katelynn Paucek I', '1662 Bins Overpass Apt. 963', 'rory43@example.org'),
(511, 'Jaylen Lowe', '2331 Dejah Brook', 'qrunte@example.com'),
(512, 'Theresa Kautzer', '2559 Jalyn Spur', 'shania25@example.net'),
(513, 'Ryder Schulist', '50000 Merritt Wells', 'melvina.homenick@example.com'),
(514, 'Dr. Concepcion Rempel DVM', '48441 Sandra Pass Suite 839', 'melyssa.dubuque@example.org'),
(515, 'Domenic Ullrich DVM', '59549 Gislason Alley', 'towne.jermey@example.org'),
(516, 'Emmanuelle Rempel Sr.', '734 Schamberger Coves Apt. 727', 'nola04@example.net'),
(517, 'Kylee Jenkins III', '879 Kevon Tunnel Apt. 118', 'ilubowitz@example.net'),
(518, 'Reuben Donnelly', '52125 Abbigail Knoll Apt. 917', 'myrna.howell@example.com'),
(519, 'Ahmad O\'Reilly MD', '7442 Ernest Tunnel Apt. 312', 'hconnelly@example.org'),
(520, 'Brycen Wisoky', '178 Tara Village', 'fgoyette@example.com'),
(521, 'Prof. Erik Crona', '7421 Alanna Oval Apt. 301', 'mckenzie.liliana@example.org'),
(522, 'Dr. Caleb Kutch', '906 Alexander Islands Suite 163', 'uriah53@example.com'),
(523, 'Mr. Doris Green', '3835 Karlee Viaduct', 'cummerata.maude@example.com'),
(524, 'Helmer Bernhard', '599 Roderick Hills', 'glebsack@example.com'),
(525, 'Brady Rogahn Sr.', '8493 Houston Freeway Suite 365', 'connelly.emmitt@example.net'),
(526, 'Lonzo Heathcote', '5763 Juwan Hills Apt. 811', 'gaylord.shields@example.com'),
(527, 'Dr. Jordi Waelchi', '3421 Mohammad Pass', 'vince.white@example.com'),
(528, 'Verna Rempel', '6589 Koelpin Mill Apt. 646', 'marvin.halie@example.net'),
(529, 'Meghan DuBuque', '52436 Kub Keys', 'yazmin.rath@example.com'),
(530, 'Ms. Alva Gutkowski I', '060 Wiza Ways', 'habernathy@example.net'),
(531, 'Mr. Murray Rath I', '7462 Pfannerstill Island Apt. 236', 'crona.hettie@example.com'),
(532, 'Ms. Duane Wilkinson III', '6781 Turner Ville Suite 034', 'jlittle@example.org'),
(533, 'Zachariah Feeney', '861 Kshlerin Place', 'gjacobs@example.org'),
(534, 'Dr. Lincoln Mayer', '55637 McGlynn Vista Suite 634', 'zschroeder@example.com'),
(535, 'Rebekah Herzog', '49853 Alfredo Pine', 'kshlerin.mozelle@example.org'),
(536, 'Valerie Wisozk I', '8463 Cyril Road Apt. 215', 'christelle.powlowski@example.com'),
(537, 'Prof. Deonte Kunde DVM', '839 Janice Squares Suite 421', 'kemmer.zander@example.com'),
(538, 'Mrs. Arvilla Homenick', '1566 Dibbert Mews', 'greenfelder.rosemarie@example.com'),
(539, 'Dr. Alexandra Walker V', '947 Noelia Lane Suite 076', 'cristopher33@example.org'),
(540, 'Sandrine O\'Conner', '7822 Johnston Ridge', 'rosalinda.mraz@example.net'),
(541, 'Mrs. June Quitzon', '91763 Rippin Square Suite 266', 'murray44@example.com'),
(542, 'Dr. Katlyn Huels MD', '44429 Farrell Run Apt. 033', 'terrance.rice@example.com'),
(543, 'Athena Ondricka', '80640 McGlynn Extension', 'riley.tromp@example.net'),
(544, 'Tatyana Hackett', '136 Deckow Courts Apt. 068', 'jaeden52@example.net'),
(545, 'Ms. Gregoria Ruecker PhD', '511 Hilpert Street Apt. 061', 'brekke.lilly@example.net'),
(546, 'Emery Purdy V', '286 Jakayla Plains', 'lilliana.wisoky@example.com'),
(547, 'Mrs. Alize Hane', '76625 Brenna Ville', 'heaney.destini@example.net'),
(548, 'Dr. Guy Hills', '0166 Gerhold Roads', 'cloyd74@example.com'),
(549, 'Dr. Vilma Auer Jr.', '690 Augusta Harbor Apt. 551', 'mueller.alexa@example.com'),
(550, 'Eliseo Hessel', '1451 Betsy Camp', 'britney33@example.net'),
(551, 'Benton Smitham', '31504 Annamae Tunnel Suite 023', 'lamont58@example.com'),
(552, 'Zoila Wolff', '102 Jacobi Centers', 'floyd.berge@example.net'),
(553, 'Dr. Jason Kautzer', '0475 Jaren Key Apt. 050', 'idonnelly@example.net'),
(554, 'Amparo Hills', '228 Rosenbaum Way', 'balistreri.timmy@example.net'),
(555, 'Ramiro Brown', '515 Ryley Bypass Suite 457', 'yhahn@example.org'),
(556, 'Judge Kertzmann', '5137 Beahan Drive', 'boyle.raven@example.net'),
(557, 'Adrian Schowalter', '443 Thea View', 'breanne98@example.com'),
(558, 'Zoey Grimes', '06059 Shanelle Pass', 'crooks.asia@example.org'),
(559, 'Karina Ortiz', '68351 Smitham Manor Apt. 225', 'ollie64@example.com'),
(560, 'Zane Hammes', '3564 Thiel Lane', 'cnienow@example.org'),
(561, 'Lenora Marvin', '70680 Roxane Lake', 'ccrona@example.net'),
(562, 'Prof. Ludwig Feeney PhD', '8310 Ziemann Glens Suite 924', 'breana.yundt@example.org'),
(563, 'Mekhi Mueller', '03868 Howe Islands Apt. 966', 'connelly.rodrigo@example.net'),
(564, 'Maudie Jones DDS', '063 Heaven Spring', 'labadie.adan@example.org'),
(565, 'Zola Keebler', '822 Dickens Camp Suite 062', 'clara08@example.net'),
(566, 'Wilmer Smith', '638 Kennedi Meadow Apt. 824', 'oma.dickinson@example.org'),
(567, 'Heath Osinski', '76215 Lebsack Field', 'franecki.rosalee@example.org'),
(568, 'Antonia Hermann Sr.', '9202 Sam Track Suite 600', 'gislason.nora@example.com'),
(569, 'Prof. Chester Morissette Jr.', '309 Parisian Burgs Apt. 646', 'zherzog@example.com'),
(570, 'Dr. Wilton Smitham DDS', '0469 Conn Square Apt. 784', 'raegan27@example.net'),
(571, 'Noemy Waters', '0034 Bartoletti Junction Apt. 087', 'larkin.casimer@example.net'),
(572, 'Felipa Aufderhar IV', '130 Frami Extension', 'klein.wilfrid@example.com'),
(573, 'Glenna Cartwright', '1692 Denis Mill Apt. 899', 'devin.kulas@example.net'),
(574, 'Nickolas Feeney', '9469 Marcus Mission', 'larue76@example.com'),
(575, 'Herbert Zboncak', '90827 Russel Burg Suite 826', 'tstroman@example.com'),
(576, 'Kim Kris', '5967 Pouros Motorway', 'jannie.pouros@example.net'),
(577, 'Perry VonRueden', '73794 Moore Gardens Apt. 953', 'dannie87@example.net'),
(578, 'Kariane Marks', '53615 Dariana Valleys Suite 631', 'hirthe.joshuah@example.net'),
(579, 'Mrs. Rhea Spencer', '556 Barrett Shoals Apt. 974', 'lparisian@example.net'),
(580, 'Dr. Timothy Beer', '35954 Jesse Oval', 'elisa40@example.com'),
(581, 'Andres Fisher', '24698 Orval Prairie Suite 565', 'linnie48@example.com'),
(582, 'Aida Kozey MD', '431 Stevie Spurs Apt. 460', 'sarai.streich@example.net'),
(583, 'Stephan Ondricka', '2901 Emmitt Viaduct', 'antwon.lubowitz@example.net'),
(584, 'Prof. Pasquale Heathcote V', '51154 Vanessa Plain Suite 428', 'trenton.koss@example.com'),
(585, 'Ms. Genesis Grady', '50458 Douglas Place', 'marty.yundt@example.com'),
(586, 'Dorothea O\'Kon', '27713 Crona Valleys', 'emily.grant@example.com'),
(587, 'Mrs. Mariam Raynor I', '128 Dibbert Course Apt. 136', 'myrl86@example.net'),
(588, 'Dora Hayes DVM', '088 Julianne Neck Apt. 658', 'zmohr@example.com'),
(589, 'Reta Jacobson', '12049 Baumbach Turnpike', 'konopelski.ottis@example.com'),
(590, 'Rosanna Mayert', '27262 Olaf Landing Suite 341', 'ima.aufderhar@example.net'),
(591, 'Ms. Rozella Nader', '321 Cruickshank Motorway Apt. 163', 'rogelio.torphy@example.com'),
(592, 'Frida Turcotte', '3978 Edward Valleys Apt. 008', 'jean.feil@example.org'),
(593, 'Chadd Hane III', '5216 Mireya Pass Suite 470', 'daija51@example.net'),
(594, 'Dr. Jolie Schroeder II', '252 Sporer Mill', 'jenkins.mathias@example.com'),
(595, 'Marques Goodwin', '39100 Adelbert Mountains', 'dietrich.carolina@example.org'),
(596, 'Princess Rice', '447 Miguel Flats Suite 417', 'feest.anderson@example.org'),
(597, 'Miss Georgianna Conroy I', '0098 Eleanore Landing', 'williamson.delfina@example.net'),
(598, 'Althea Lemke', '811 Block Turnpike Apt. 182', 'bednar.alberta@example.com'),
(599, 'Zelma Hyatt', '385 Wilford Well', 'lexi.eichmann@example.net'),
(600, 'Ewald Schumm', '50618 Gleichner Isle Apt. 723', 'aida30@example.com'),
(601, 'Leonor Gottlieb', '6579 Bogan Burg', 'leuschke.mattie@example.org'),
(602, 'Mrs. Jada Stehr', '24217 Johnathan Mills', 'ernesto.tremblay@example.net'),
(603, 'Tate Kemmer', '7274 Cordelia Trail', 'trisha.kuhn@example.org'),
(604, 'Diego Smitham', '95538 McKenzie Orchard', 'bergstrom.marlin@example.net'),
(605, 'Marge Funk', '69192 Brown Glens', 'skoch@example.org'),
(606, 'Brendon Stroman III', '791 Lowe Street Apt. 390', 'mante.lavina@example.org'),
(607, 'Emilio Bogan I', '959 Arvid Plaza', 'carter.bertrand@example.net'),
(608, 'Miss Hanna Hyatt', '27083 Sawayn Points', 'stiedemann.cristian@example.net'),
(609, 'Mrs. Yesenia Bartoletti', '5415 Hayes Flats', 'bradly.kovacek@example.net'),
(610, 'Jettie Hermann', '08773 Zulauf Harbors', 'jrempel@example.com'),
(611, 'Will Haag', '3318 Lavon Overpass', 'wjacobson@example.net'),
(612, 'Clair Jacobi', '128 Penelope Views', 'hauer@example.net'),
(613, 'Micah Paucek', '0902 Judson Village Suite 727', 'laura.gerlach@example.org'),
(614, 'Miss Dominique Dibbert I', '3131 Theodora Cove', 'huel.conner@example.com'),
(615, 'Jordon Harris', '81927 Batz Orchard Apt. 661', 'julien.feest@example.org'),
(616, 'Prof. Sherwood Wilkinson', '52056 Macie Crossroad', 'randall.hegmann@example.org'),
(617, 'Vern Dibbert', '898 Cordia Stravenue Suite 584', 'lcollins@example.net'),
(618, 'Raphaelle Turcotte', '576 Schmidt Fords', 'rowe.damien@example.net'),
(619, 'Izaiah Gerhold', '8650 Emerson Village', 'robin16@example.org'),
(620, 'Miss Eloisa Bayer III', '31911 King Canyon Apt. 540', 'rogahn.alek@example.net'),
(621, 'Teagan Hilll', '338 Botsford Radial Apt. 382', 'pete66@example.com'),
(622, 'Karson Mertz', '117 Nicolas View', 'roob.rick@example.com'),
(623, 'Dr. Dillon Wilkinson', '26451 Leon Plains Apt. 826', 'xmohr@example.net'),
(624, 'Miss Janiya Torp DDS', '933 Amira Shores', 'bahringer.adriel@example.org'),
(625, 'Maggie Dicki', '091 Reva Stravenue Apt. 613', 'homenick.jewell@example.net'),
(626, 'Darian Hills', '462 Leonel Junctions Apt. 435', 'ernest35@example.net'),
(627, 'Eldon Kihn', '729 Schamberger Hollow', 'melisa.haley@example.net'),
(628, 'Joel Oberbrunner', '50547 Lily Passage', 'baumbach.stevie@example.org'),
(629, 'Leonor Koelpin', '9591 Legros River Suite 525', 'zkohler@example.org'),
(630, 'Jana Wuckert V', '7014 Manuel Walks', 'wmurazik@example.org'),
(631, 'Nikki Lubowitz DDS', '949 Pfannerstill Highway Apt. 594', 'nwehner@example.com'),
(632, 'Bradley Rolfson', '1019 Friesen Wall', 'bernita92@example.com'),
(633, 'Mr. Beau Predovic I', '881 Annie Walks', 'aleuschke@example.org'),
(634, 'Dr. Genesis Bednar PhD', '121 Jason Fork', 'grayson94@example.com'),
(635, 'Deron Rodriguez', '113 Myrna Fords Suite 750', 'mathilde92@example.com'),
(636, 'Prof. Carson Schaefer', '245 Deckow Field', 'mframi@example.net'),
(637, 'Damon Dickinson', '36058 King Trail', 'perry27@example.net');
INSERT INTO `peoples` (`id`, `name`, `address`, `email`) VALUES
(638, 'Prof. Dewitt Swaniawski PhD', '71230 Spencer Streets', 'acorwin@example.org'),
(639, 'Georgianna Nolan', '35535 Reed Radial Apt. 322', 'bernier.madonna@example.net'),
(640, 'Tess Sauer', '27912 Maggio Stravenue', 'brooke.konopelski@example.com'),
(641, 'Mr. Lavon Schaefer', '3577 Smith Junction', 'laurel92@example.org'),
(642, 'Lucienne Greenholt', '926 Bud Lights', 'kaylah.bayer@example.net'),
(643, 'Bette O\'Conner I', '9801 Borer Course', 'erich58@example.org'),
(644, 'Dr. Tillman Hessel', '74249 Billie Spring Suite 091', 'lamar81@example.net'),
(645, 'Bernie Gutkowski', '067 Missouri Fork Apt. 954', 'sanford.verner@example.com'),
(646, 'Blanche Miller Jr.', '208 Olson Field Apt. 636', 'grant.justen@example.com'),
(647, 'Dr. Lora Kohler', '831 Boehm Ferry Suite 036', 'nona54@example.com'),
(648, 'Alf Yundt', '55787 Kuhlman Roads Suite 431', 'bertha.stracke@example.org'),
(649, 'Dr. Antonietta Satterfield', '931 Julia Park', 'desiree.larson@example.net'),
(650, 'Prof. Isaias Lueilwitz III', '253 Stehr Port Apt. 394', 'shayne39@example.org'),
(651, 'Dawson Strosin', '00517 Murray Mills Suite 960', 'mittie.crist@example.net'),
(652, 'Westley Becker', '3321 Halvorson Stream Apt. 947', 'welch.tillman@example.com'),
(653, 'Mallie Von', '826 Farrell Estate', 'botsford.creola@example.com'),
(654, 'Furman Konopelski', '412 Jairo Mountains Apt. 342', 'berenice89@example.com'),
(655, 'Kenya Barrows', '9519 Tremblay Manors', 'reinger.madison@example.net'),
(656, 'Carlos Torphy', '73079 Zackary Rapid Apt. 448', 'lemuel.wehner@example.net'),
(657, 'Alize Prohaska', '300 Wendy Path', 'mosciski.zachary@example.net'),
(658, 'Prof. Jerrold Pfeffer V', '427 Dietrich Stream Suite 139', 'luciano.mckenzie@example.com'),
(659, 'Keyshawn Prosacco', '3622 Hayes Station', 'jacquelyn.boehm@example.com'),
(660, 'Shyann Schoen', '34975 Jast Station Suite 192', 'jonathan.hoeger@example.com'),
(661, 'Krystal Heidenreich', '7697 Arnold Glens', 'raymundo.dibbert@example.net'),
(662, 'Rico Renner DDS', '408 Pfannerstill Port', 'fhayes@example.net'),
(663, 'Prof. Brando Walker', '69652 Zieme River Suite 202', 'zprosacco@example.net'),
(664, 'Kaylie Koepp', '20402 Batz Fall', 'delia.friesen@example.net'),
(665, 'Elmer Jacobson', '833 Cynthia Squares', 'koch.nigel@example.com'),
(666, 'Karolann Hirthe', '704 Cleveland Court', 'mallie36@example.net'),
(667, 'Alysa Ryan DDS', '148 Reilly Oval Suite 635', 'floy23@example.org'),
(668, 'Mr. Julian Effertz', '76889 Bryon Villages Suite 696', 'consuelo.torphy@example.org'),
(669, 'Hazel Marquardt', '06613 Nyasia Walks Apt. 690', 'o\'connell.lavon@example.net'),
(670, 'Mathias Ledner MD', '28729 Rosenbaum Haven', 'deion.ullrich@example.com'),
(671, 'Dr. Rico Doyle DDS', '667 Webster Tunnel Apt. 154', 'jakubowski.stefan@example.com'),
(672, 'Jacky Reichel', '70959 Mohammed Plains', 'daren54@example.net'),
(673, 'Kaleb Smith', '6209 Yesenia Pike', 'bernier.elyse@example.net'),
(674, 'Davin Hagenes', '187 Mariah Forges', 'mayer.eliza@example.net'),
(675, 'Alyson Johnston', '53103 Michaela Valley', 'emily.johnson@example.net'),
(676, 'Emil Smitham Sr.', '592 Medhurst River Suite 946', 'olaf42@example.net'),
(677, 'Dr. Hosea Reinger I', '054 Kemmer Village', 'mreinger@example.com'),
(678, 'Minnie Marquardt', '68996 McClure Pines Suite 138', 'qgreenholt@example.org'),
(679, 'Owen Anderson', '5993 Scot Prairie', 'erich.schimmel@example.net'),
(680, 'Mrs. Bettie Roberts MD', '1906 Bogisich Brook Apt. 235', 'mckenzie.wiegand@example.com'),
(681, 'Quentin Gerlach', '17698 Hilll Lights', 'maggio.magdalen@example.net'),
(682, 'Tyshawn Frami', '26469 Dorthy Heights', 'craig71@example.net'),
(683, 'Dr. Josephine Hoppe', '4972 O\'Hara Freeway Apt. 881', 'hertha.macejkovic@example.com'),
(684, 'Theodore Brown', '31769 McKenzie Well Suite 296', 'wiza.orie@example.org'),
(685, 'Devante Hansen', '2798 Edwin Mews', 'sjakubowski@example.net'),
(686, 'Dr. Kip Hills', '070 Zboncak Field Apt. 559', 'bonnie48@example.net'),
(687, 'Mrs. Anabel Fritsch IV', '06748 McClure Wall', 'adrien.rippin@example.com'),
(688, 'Rozella Sporer III', '74465 Jakubowski Ridges Suite 802', 'estell.stamm@example.org'),
(689, 'Myrtice Bayer', '173 Holly Throughway', 'turner.oswald@example.net'),
(690, 'Mr. Hector Reinger', '352 Jeremie Plains', 'carroll68@example.org'),
(691, 'Henri Bergstrom', '762 Graham Locks', 'gkulas@example.com'),
(692, 'Ms. Brittany Haag DVM', '2735 O\'Kon Mountain Suite 296', 'friesen.spencer@example.net'),
(693, 'Grover Swift V', '471 Cleta Well Apt. 799', 'shanahan.zaria@example.org'),
(694, 'Kiara Gutkowski', '6044 Marvin Oval Apt. 027', 'xschumm@example.com'),
(695, 'Rosetta Conn', '8942 Yundt Corners Apt. 930', 'monahan.rico@example.com'),
(696, 'Mrs. Jeanie Schuppe DDS', '7419 Gregg Branch Suite 001', 'pfannerstill.jesus@example.org'),
(697, 'Demetris McCullough V', '7070 Roberts Cape Suite 869', 'michelle24@example.net'),
(698, 'Daisha Hettinger', '729 Parisian Fields', 'halvorson.brian@example.org'),
(699, 'Camylle Lubowitz', '15653 Christiansen Ways', 'breitenberg.faustino@example.org'),
(700, 'Candace Waters', '2737 VonRueden Courts Apt. 751', 'stamm.bernhard@example.org'),
(701, 'Donny Wintheiser DVM', '57812 Keely Turnpike Suite 566', 'rkessler@example.com'),
(702, 'Zane Jenkins', '557 Johnny Villages', 'qsawayn@example.org'),
(703, 'Lorenz Dickinson', '1813 Holden Square', 'zmacejkovic@example.net'),
(704, 'Dr. Ethan Fisher Sr.', '801 Priscilla Glens', 'eli16@example.org'),
(705, 'Olga Streich', '5109 Stoltenberg Throughway Apt. 100', 'lynch.elva@example.net'),
(706, 'Martin Beahan', '2258 Ruthe Falls', 'eulah.nienow@example.net'),
(707, 'Delia Hegmann', '5603 Aurelia Path Suite 309', 'emard.erik@example.org'),
(708, 'Irving O\'Connell', '3091 Torp Shoal', 'drutherford@example.org'),
(709, 'Precious Wiegand', '49236 Delphine Highway Suite 105', 'zola.mante@example.com'),
(710, 'Laurianne Fay', '23888 Kreiger Plain Apt. 028', 'beer.chadrick@example.com'),
(711, 'Jerome Bechtelar', '345 Wilfrid Light Apt. 838', 'johanna61@example.com'),
(712, 'Dr. Ova Marks', '5169 Scottie Mountain Apt. 864', 'gillian27@example.net'),
(713, 'Issac Kozey', '7970 Christiansen Estate', 'kaylie.bayer@example.com'),
(714, 'Waino West PhD', '97275 Walsh Lodge Suite 414', 'holden73@example.org'),
(715, 'Anissa Ondricka', '3059 Shaina Crescent', 'block.riley@example.org'),
(716, 'Emory Goodwin', '77695 Kozey Turnpike Apt. 641', 'runolfsson.mylene@example.org'),
(717, 'Deven Krajcik', '1940 Adolph Streets', 'ledner.freeman@example.com'),
(718, 'Aletha Strosin', '630 Roman Courts Suite 899', 'raina.weissnat@example.com'),
(719, 'Shaylee Conroy', '5469 Edward Station Suite 661', 'xjohns@example.net'),
(720, 'Ernestine Labadie', '37044 Rollin Locks Suite 503', 'cindy.hilpert@example.com'),
(721, 'Prof. Karina Hammes MD', '9182 Krystal Ports', 'schamplin@example.net'),
(722, 'Pansy Swaniawski', '46988 Simonis Ferry', 'felton.predovic@example.net'),
(723, 'Marquise Hickle', '0993 Schuster Isle', 'kerluke.william@example.net'),
(724, 'Lawrence Harvey', '5401 Hills Plaza Apt. 651', 'dashawn43@example.com'),
(725, 'Reyna Waters', '54826 Fabian Road Suite 152', 'rlittle@example.com'),
(726, 'Dorothy Robel', '989 Bode Throughway Apt. 879', 'o\'connell.ian@example.net'),
(727, 'Janis Kovacek', '970 Isaias Walk Suite 122', 'ines78@example.net'),
(728, 'Hailee Pacocha', '3091 Mueller Forge', 'zaria37@example.net'),
(729, 'Eda O\'Reilly DDS', '29537 Satterfield Curve', 'uwindler@example.net'),
(730, 'Lou O\'Reilly', '60263 Brekke Creek Apt. 134', 'berry80@example.net'),
(731, 'Dr. Evie Koepp Jr.', '4279 Blick Flat', 'ekling@example.net'),
(732, 'Helena Heathcote', '6741 Talon Courts', 'lavinia.ankunding@example.com'),
(733, 'Mrs. Jacquelyn Dare PhD', '80522 Cara Alley Suite 983', 'dtoy@example.org'),
(734, 'Beaulah Abbott', '7352 Christine River', 'haley92@example.com'),
(735, 'Mrs. Isobel Swaniawski V', '942 Fadel Inlet', 'karine17@example.net'),
(736, 'Jayden Heidenreich', '362 Cruickshank Lake Suite 997', 'harber.rafaela@example.org'),
(737, 'Tristin Rowe', '35234 Fabiola Rapid Apt. 421', 'general79@example.com'),
(738, 'Antwan Hauck', '48990 Witting River Suite 175', 'goldner.griffin@example.net'),
(739, 'Rosalyn Wilkinson III', '532 Cruz Port Apt. 292', 'dina06@example.com'),
(740, 'Katrina Schmitt', '78568 Braun Harbor', 'abel59@example.org'),
(741, 'Travon Fisher I', '7074 Myra Trace Apt. 223', 'hgleason@example.net'),
(742, 'Jameson Wuckert', '9846 Berge Expressway Apt. 556', 'sydnee80@example.com'),
(743, 'Prof. Lucius Gaylord', '49651 Assunta Lights', 'jamel38@example.org'),
(744, 'Moises Reinger', '855 Sharon Grove Apt. 657', 'esmith@example.org'),
(745, 'Kenyatta Kautzer', '2620 Murphy Junctions Apt. 090', 'freida.hodkiewicz@example.com'),
(746, 'Felipa Medhurst', '3300 Bayer Stravenue', 'danyka.welch@example.org'),
(747, 'Mr. Enoch Bauch', '67631 Ullrich Ports Apt. 051', 'maggio.vita@example.net'),
(748, 'Kay Blick', '8068 Payton Creek Apt. 730', 'edwina.cole@example.net'),
(749, 'Keyshawn Rippin', '1264 Moen Pass Apt. 486', 'icie31@example.net'),
(750, 'Kayleigh Wisoky', '01803 Kuhic Hills Suite 096', 'ondricka.lorena@example.net'),
(751, 'Mr. Wilton Medhurst', '7329 Hudson Track', 'd\'amore.dedrick@example.net'),
(752, 'Mr. Lance Osinski MD', '4381 Ledner Estate', 'ekeeling@example.com'),
(753, 'Brando Mante', '88176 Gerlach Shoal', 'cartwright.keely@example.com'),
(754, 'Chaya Jacobs', '901 Wilhelm Shoal', 'zhagenes@example.com'),
(755, 'Shanna Mohr', '44419 Kacey Loop Suite 028', 'bode.paolo@example.com'),
(756, 'Fredy Beier', '50063 Hoppe Coves Apt. 157', 'ricky.hudson@example.com'),
(757, 'Letha Rosenbaum', '63504 Wiegand Tunnel Apt. 212', 'vmuller@example.net'),
(758, 'Nils Fadel PhD', '30935 Wendy Ports Suite 046', 'fritsch.izaiah@example.org'),
(759, 'Dr. Kyler Kertzmann MD', '9039 Kihn Well Apt. 224', 'mhills@example.net'),
(760, 'Merlin Conroy', '200 Jacobson Fort', 'gleason.willa@example.net'),
(761, 'Angie Predovic', '15603 Gulgowski Port', 'damion50@example.net'),
(762, 'Joy Bogisich', '50255 Elenora Row Suite 528', 'wehner.neal@example.net'),
(763, 'Jarret Grady', '460 Rohan Port Suite 677', 'leuschke.sylvia@example.org'),
(764, 'Hardy Mertz', '45838 Isaiah Parks Suite 167', 'llangworth@example.org'),
(765, 'Jarrod Jacobs', '13623 Henri Crossroad Suite 713', 'tremblay.maiya@example.net'),
(766, 'Prof. Mason Krajcik I', '505 Marianne Row Suite 523', 'ortiz.molly@example.com'),
(767, 'Bernita Bode', '099 Ruecker Islands Suite 391', 'dbartell@example.com'),
(768, 'Prof. Genoveva Casper', '96570 Stamm Mountains', 'giles25@example.org'),
(769, 'Dr. Ubaldo Keebler', '22040 Terry Route', 'hettinger.trinity@example.net'),
(770, 'Kayla Haag', '21811 Cassin Pike', 'sonya.beatty@example.net'),
(771, 'Miss Muriel Smith', '9656 Morar Ports', 'cremin.friedrich@example.net'),
(772, 'Lizeth Rosenbaum', '25927 Durward Turnpike Suite 989', 'grath@example.net'),
(773, 'Dr. Jacquelyn Turcotte', '5618 Elsie Drive Apt. 209', 'akuhic@example.net'),
(774, 'Holly Kertzmann', '99688 Marvin Spring', 'nschoen@example.net'),
(775, 'Miss Ashleigh Huel', '27557 Maddison Crossing', 'bernadette63@example.com'),
(776, 'Anissa Bosco', '6884 Marquardt Road Apt. 167', 'rschamberger@example.net'),
(777, 'Steve Ward', '797 Carol Ports', 'pward@example.net'),
(778, 'Elissa Fadel', '806 Korey Burgs Suite 721', 'marcus.shanahan@example.com'),
(779, 'Alvena O\'Conner', '80929 Jayde Junctions Apt. 847', 'zkerluke@example.org'),
(780, 'Maxime Waelchi', '730 Bernier Union', 'kathryn18@example.net'),
(781, 'Lyla Schmeler', '7275 Rubye Vista', 'everardo.powlowski@example.com'),
(782, 'Barry Homenick', '1794 Dicki Courts', 'smith.keon@example.org'),
(783, 'Prof. Flavie Wisozk PhD', '2796 Gleichner Forks Suite 874', 'ukerluke@example.com'),
(784, 'Immanuel Mueller', '24820 Reichel Glen', 'xhickle@example.org'),
(785, 'Maryse Mohr', '850 Bayer Pines Apt. 137', 'remington.wiegand@example.net'),
(786, 'Crystal Moen', '1501 Bins Track Apt. 250', 'sporer.kailee@example.org'),
(787, 'Taya Blanda', '8490 Lueilwitz Mission Suite 529', 'cleve56@example.org'),
(788, 'Marietta Daniel', '556 Loyce Fields', 'lilly35@example.com'),
(789, 'Tanner Funk Jr.', '0324 Dickinson Valley', 'scorwin@example.org'),
(790, 'Kane Stehr', '606 Boyle Meadow', 'stark.petra@example.net'),
(791, 'Russell Bailey', '87949 Yost Summit', 'lawrence.ritchie@example.org'),
(792, 'Alaina Collier', '12577 Carlee Springs', 'sturner@example.org'),
(793, 'Prof. Claudine Hackett MD', '2485 Triston Vista', 'bgaylord@example.org'),
(794, 'Andrew Hudson', '48886 Kshlerin Via Apt. 912', 'brittany.goldner@example.com'),
(795, 'Dr. Cara Runolfsdottir', '95700 Samir Terrace', 'sauer.keshawn@example.net'),
(796, 'Mr. Kelton Lockman', '490 Waters Grove Suite 730', 'ellis.yost@example.org'),
(797, 'Mr. Brendan McClure Sr.', '731 Kulas Hills', 'auer.orie@example.net'),
(798, 'Fletcher Russel DDS', '62656 Bernier Creek', 'enola.denesik@example.com'),
(799, 'Emmanuelle Fadel', '56065 Spencer Valley Apt. 899', 'dominique58@example.net'),
(800, 'Nedra Hickle', '03456 Devante Road Apt. 479', 'terry.reynold@example.org'),
(801, 'Remington McDermott', '4577 Theresa Trail', 'liliane.gleichner@example.net'),
(802, 'Mrs. Rosie Ritchie II', '6196 Werner Garden', 'ihalvorson@example.com'),
(803, 'Heidi Yundt MD', '781 Kaleigh Flats Suite 268', 'qreichel@example.org'),
(804, 'Bethel Adams', '140 Stamm Ville', 'hheathcote@example.com'),
(805, 'Maxie Grant', '95321 Rossie Manors', 'brandyn.hermiston@example.com'),
(806, 'Mrs. Katrine Hilll PhD', '863 Schumm Street Apt. 249', 'dhagenes@example.org'),
(807, 'Mrs. Elsie Watsica', '96343 Bahringer Mountains', 'julie.klocko@example.com'),
(808, 'Mrs. Aileen Stracke', '9757 Lebsack Turnpike', 'irwin.reilly@example.org'),
(809, 'Ms. Cindy Turner', '1402 Reggie Row Suite 018', 'gerlach.carlee@example.com'),
(810, 'Prof. Kasandra Schmitt Sr.', '954 Bogisich Ranch', 'lois.trantow@example.com'),
(811, 'Carson Pagac', '72923 Weldon Glen Suite 003', 'joe.gerhold@example.net'),
(812, 'Lysanne Hyatt III', '334 Waelchi Skyway', 'parker.lubowitz@example.net'),
(813, 'Odessa Casper', '213 Hagenes Cape Suite 750', 'lnikolaus@example.net'),
(814, 'Erin Purdy', '0978 Marks Island', 'carroll.emilio@example.org'),
(815, 'Otto Jast', '67130 Alycia Extensions', 'hagenes.alysson@example.net'),
(816, 'Prof. Jalyn Kirlin', '56863 Hackett Fork Suite 675', 'little.johan@example.org'),
(817, 'Cornelius Gleichner', '3726 Troy Square Apt. 379', 'rhilll@example.com'),
(818, 'Lillian Tromp', '391 Ladarius Neck Apt. 056', 'o\'hara.paige@example.org'),
(819, 'Mr. Presley Carroll IV', '483 Michelle Flats Apt. 922', 'hgibson@example.org'),
(820, 'Dr. Junior Schmidt', '266 Flatley Groves', 'dillan.schaden@example.org'),
(821, 'Marisol Kiehn', '90791 Dickens Summit Apt. 381', 'mable09@example.net'),
(822, 'Glennie Howell', '08512 Ebert Loop Suite 302', 'borer.dedrick@example.org'),
(823, 'Mason Bayer', '71888 Brenna Extensions', 'samara64@example.net'),
(824, 'Maria Schuster', '68395 Bethany Parkways', 'aric29@example.net'),
(825, 'Davonte Thiel MD', '634 Cleta Unions Apt. 313', 'mitchell.nola@example.net'),
(826, 'Prof. Devonte Veum', '502 Sydnee Crest Suite 370', 'walton.smitham@example.org'),
(827, 'Noemie Nitzsche', '73110 Shea Isle Suite 487', 'justice17@example.com'),
(828, 'Dr. Earnestine Runolfsdottir Sr.', '386 Yundt Roads Suite 766', 'xvon@example.com'),
(829, 'Mr. Steve Ryan', '2897 Aurelia Estate', 'robel.royce@example.org'),
(830, 'Gregory Denesik', '181 Reginald Well', 'schumm.edison@example.org'),
(831, 'Zoe Rosenbaum', '5143 Mia Wall', 'parker.lewis@example.org'),
(832, 'Mrs. Cecile Becker', '820 Davonte Rapid Suite 531', 'ydouglas@example.com'),
(833, 'Liana Stehr', '69145 Esteban Wells Suite 698', 'olson.amparo@example.com'),
(834, 'Leila Farrell', '49431 Wyatt Road Apt. 837', 'oswald32@example.net'),
(835, 'Mr. Hipolito Ernser MD', '5334 Geraldine Union', 'taryn.stroman@example.net'),
(836, 'Frank Prosacco Jr.', '0705 Hintz Turnpike Apt. 845', 'jones.terrell@example.org'),
(837, 'Dr. Abe Dibbert', '210 Jakob Lodge', 'nichole13@example.org'),
(838, 'Santina Bailey', '291 Cecelia Freeway Suite 963', 'williamson.amiya@example.org'),
(839, 'Woodrow Predovic', '8170 Ellsworth Stravenue', 'abby81@example.com'),
(840, 'Ms. Lenore Heidenreich V', '3934 McDermott Path', 'broderick.lueilwitz@example.org'),
(841, 'Cecil Weissnat', '00498 Gutkowski Street', 'vmcglynn@example.com'),
(842, 'Gracie Welch', '988 Arne Viaduct', 'maudie.hickle@example.com'),
(843, 'Sister Schamberger', '3055 Lew Centers', 'ocole@example.com'),
(844, 'Prof. Lempi Emard', '187 Era Knolls Apt. 872', 'alivia09@example.com'),
(845, 'Camylle Murphy', '998 Boyer Turnpike', 'joany.waelchi@example.net'),
(846, 'Zena Veum', '16847 Olin Coves Apt. 602', 'klocko.kamille@example.net'),
(847, 'Sibyl Kunze', '21786 Mitchell Pines Apt. 175', 'clay.mayert@example.org'),
(848, 'Porter Labadie', '864 Christiansen Ports Suite 826', 'kellie.howell@example.net'),
(849, 'Mertie Fahey', '8203 Grimes Branch Suite 337', 'bdoyle@example.com'),
(850, 'Orval Hoeger', '9911 Pagac Spur Apt. 861', 'dedrick.o\'reilly@example.org'),
(851, 'Nathanael McKenzie', '71344 Meda Ranch Suite 938', 'ho\'kon@example.org'),
(852, 'Prof. Cedrick Flatley', '014 Anissa Highway Apt. 778', 'benedict.frami@example.com'),
(853, 'Sincere Spencer PhD', '860 Lockman Manors Apt. 446', 'jenkins.tom@example.net'),
(854, 'Dr. Rosemary Beer III', '294 Turcotte Mission Apt. 526', 'kiarra38@example.net'),
(855, 'Clifford Bode', '788 Cartwright View Apt. 123', 'joey93@example.org'),
(856, 'Prof. Julio Strosin IV', '86987 Dooley Station Suite 616', 'austen.wilderman@example.org'),
(857, 'Dr. Patsy Weissnat', '73777 Rowland Route Suite 896', 'vschumm@example.com'),
(858, 'Webster Pfannerstill I', '20369 Kamren Forest', 'breana96@example.net'),
(859, 'Jaqueline Reinger', '3840 Dagmar Rapids', 'sconn@example.net'),
(860, 'Prof. Monserrate Dare', '690 Liliane Rue', 'ischmeler@example.com'),
(861, 'Cassandre Keebler', '33343 Collins Manors', 'sporer.yazmin@example.com'),
(862, 'Mr. Grayce Jacobi V', '431 Casper Vista Apt. 133', 'eden58@example.org'),
(863, 'Joannie Towne PhD', '17407 Ian Parkways Suite 665', 'wlittle@example.com'),
(864, 'Godfrey Runolfsdottir', '7012 Ralph Hills Apt. 858', 'andres.kemmer@example.com'),
(865, 'Olga Skiles MD', '09625 Lacey Manor Suite 808', 'xblock@example.com'),
(866, 'Antoinette Yost', '374 Evangeline Rapid Apt. 660', 'leland07@example.com'),
(867, 'Felicia Glover', '16705 Grayson Roads Suite 428', 'evan.witting@example.net'),
(868, 'Alfred Lowe', '38602 Greenholt Parks', 'goyette.geovanni@example.org'),
(869, 'Ms. Burdette Windler II', '71287 Mueller Canyon Apt. 228', 'angelina.kautzer@example.net'),
(870, 'Prof. Ryley Marquardt', '41490 Kuphal Wells Suite 257', 'kenneth57@example.com'),
(871, 'Ms. Madonna White', '4018 Maximus Orchard Suite 483', 'dandre85@example.com'),
(872, 'Kevin Wolff DVM', '4037 Izabella Corner Suite 099', 'hrohan@example.com'),
(873, 'Delaney Conn', '4077 Cassin Tunnel Suite 292', 'gaylord.ada@example.org'),
(874, 'Brooklyn Toy', '21999 Dietrich Burgs', 'dean12@example.com'),
(875, 'Dedrick Anderson I', '04809 Monica Haven Suite 375', 'jensen.ryan@example.com'),
(876, 'Martine Hoeger', '82123 Fay Court Suite 946', 'rachael23@example.com'),
(877, 'Shaun Weimann Jr.', '01677 Wilkinson Mall Apt. 737', 'trantow.everett@example.org'),
(878, 'Camilla Durgan', '2142 O\'Reilly Cape', 'lew.hoeger@example.net'),
(879, 'Isom Jones', '4012 Gislason Union Suite 269', 'kennedy.weber@example.org'),
(880, 'Carmen Predovic', '1390 Pat Trail Suite 965', 'ferry.petra@example.com'),
(881, 'Conner Hoeger', '7572 Bauch Inlet', 'jones.elmore@example.org'),
(882, 'Kayleigh Koss', '8957 Grant Valleys Suite 415', 'freida69@example.com'),
(883, 'Miss Joannie McLaughlin', '629 Russ Rapids Apt. 424', 'lhand@example.net'),
(884, 'Prof. Rosemarie Stroman III', '37381 John Stravenue', 'kendall.hudson@example.org'),
(885, 'Prof. Hipolito Smitham III', '318 Adrienne Springs Suite 642', 'bridie.wisoky@example.org'),
(886, 'Rafaela Armstrong', '27598 Trudie Drives', 'mante.dan@example.com'),
(887, 'Dario Zemlak', '605 Wallace Meadows Apt. 247', 'epadberg@example.org'),
(888, 'Prof. Buck Spencer PhD', '814 Fritsch Forks Suite 709', 'krystina58@example.net'),
(889, 'Madeline O\'Hara', '105 Gleichner Extensions', 'gay.mills@example.org'),
(890, 'Mary Ruecker Jr.', '9275 Earline Parkway', 'lolita97@example.net'),
(891, 'Roscoe Jacobs', '0206 Celia Plains', 'feil.greyson@example.com'),
(892, 'Lambert Donnelly PhD', '6109 Weimann Cliff', 'freeman.jacobs@example.net'),
(893, 'Queenie O\'Connell', '549 Frederic Village Apt. 376', 'evert.willms@example.com'),
(894, 'Ms. Ines Fahey Sr.', '00056 Adam Meadow Apt. 678', 'ibechtelar@example.net'),
(895, 'Karson Kris', '9957 Lauren Vista Suite 858', 'oma04@example.com'),
(896, 'Eleanore Hackett', '35816 Richie Islands', 'weimann.judd@example.com'),
(897, 'Prof. Jamison Kassulke II', '7717 Aliza Crossing', 'dena.gulgowski@example.net'),
(898, 'Percy Morar', '0782 Schaden Skyway', 'stevie79@example.com'),
(899, 'Kristina Flatley', '064 Kreiger Union', 'allene33@example.org'),
(900, 'Stacy Bergstrom PhD', '31362 Mozelle Terrace', 'turcotte.esteban@example.com'),
(901, 'Eve Murazik', '2153 Murray Heights', 'eula.braun@example.net'),
(902, 'Barbara Deckow', '4891 Smitham Haven Apt. 923', 'kenneth16@example.com'),
(903, 'Johathan Waelchi', '04467 Smitham Oval Apt. 586', 'ahmad09@example.com'),
(904, 'Mr. Tod Dooley', '6083 O\'Keefe Estates', 'sigmund53@example.org'),
(905, 'Brody Kling', '637 Cummerata Inlet Suite 405', 'doug58@example.com'),
(906, 'Dell Nicolas', '980 Michel Fort', 'bwest@example.org'),
(907, 'Prof. Adrien Dickinson', '42813 Jermaine Drive', 'johnnie.stoltenberg@example.com'),
(908, 'Prof. Kiana Boehm', '43242 Jerry Ranch Suite 355', 'vmorar@example.org'),
(909, 'Kadin Dooley PhD', '24823 Kertzmann Pass Apt. 499', 'lynch.vida@example.org'),
(910, 'Sadye D\'Amore', '881 Yundt Mall', 'bsauer@example.org'),
(911, 'Eldridge Berge', '35777 O\'Connell Estates', 'lowell.ward@example.com'),
(912, 'Chase Fritsch', '63006 Lueilwitz Landing', 'shields.florida@example.org'),
(913, 'Evelyn Emmerich', '3779 Fahey Mount', 'junior01@example.com'),
(914, 'Prof. Arielle Gaylord III', '14831 Keyon Lakes', 'bcorkery@example.com'),
(915, 'Luis Klein', '84615 Gleichner Pines Suite 685', 'alda.littel@example.com'),
(916, 'Gunnar Wiegand', '80891 Carli Plains', 'bertrand.jerde@example.org'),
(917, 'Norene Sporer', '459 Dulce Valleys Apt. 101', 'amonahan@example.com'),
(918, 'Maud Larkin', '309 Keith Radial Suite 024', 'king.dewitt@example.com'),
(919, 'Mrs. Clemmie Grant III', '5094 Kreiger Street', 'oo\'hara@example.org'),
(920, 'Nicholaus Schuster', '6626 Gwendolyn Stream', 'lonzo87@example.com'),
(921, 'Lottie Hills', '2712 McClure Prairie', 'frederik49@example.org'),
(922, 'Avis Keebler IV', '07233 Erna Haven Apt. 825', 'ellen20@example.net'),
(923, 'Obie Jones DDS', '38715 Okuneva Fords', 'sheridan.rutherford@example.org'),
(924, 'Monica Fadel', '059 Robel Fields', 'cstracke@example.com'),
(925, 'Demarcus O\'Keefe', '626 Grayce Roads', 'hmacejkovic@example.net'),
(926, 'Dr. Lexi Daniel Jr.', '08690 Porter Road Suite 360', 'amueller@example.net'),
(927, 'Eudora Cummerata', '223 Thiel Tunnel Apt. 452', 'jaime.hintz@example.org'),
(928, 'Prof. Brenden Balistreri V', '10933 Crist Via Suite 491', 'koch.laron@example.net'),
(929, 'Yasmin Steuber', '87374 Fritsch Trace', 'isaiah39@example.com'),
(930, 'Daryl Barrows DVM', '53081 Beverly Estates', 'bryana.senger@example.com'),
(931, 'Missouri Will', '3810 Corwin Court Suite 614', 'ignatius64@example.net'),
(932, 'Danika Bernier', '938 Hackett Underpass Apt. 348', 'pborer@example.com'),
(933, 'Prof. Quentin Shields DVM', '18604 Robel Drives Apt. 216', 'veum.anderson@example.org'),
(934, 'Joan Hills', '286 Demarcus Pass Suite 249', 'jacobson.brenda@example.com'),
(935, 'Roslyn Hilpert', '76181 Cormier Camp Apt. 585', 'neha.satterfield@example.org'),
(936, 'Prof. Richie Sawayn MD', '80720 Wanda Islands Apt. 257', 'ekemmer@example.net'),
(937, 'Mr. Garfield Altenwerth', '163 McKenzie River Apt. 952', 'hnitzsche@example.org'),
(938, 'Lynn Johnson', '59104 Madelynn Lock Apt. 429', 'otreutel@example.com'),
(939, 'Bridgette Rau V', '9974 Swift Throughway', 'imogene.homenick@example.net'),
(940, 'Abraham Wilderman Jr.', '4989 Zaria Trail Suite 927', 'jailyn.reilly@example.org'),
(941, 'Dr. Adela Gutkowski V', '82895 Jennyfer Course Apt. 386', 'lorine.langworth@example.com'),
(942, 'Prof. Claude Sauer IV', '319 Brycen Port', 'virgil.gerlach@example.net'),
(943, 'Liza Cole', '6796 Lelia Court', 'kylee.lesch@example.org'),
(944, 'Lacey Nikolaus Sr.', '22094 Grimes Square Apt. 254', 'lily.metz@example.net'),
(945, 'Mrs. Elyse Volkman IV', '003 Gutmann Tunnel Suite 524', 'aankunding@example.org'),
(946, 'Orie Lind', '18120 Gerardo Brooks Suite 699', 'iortiz@example.org'),
(947, 'Mr. Jeramie Christiansen', '072 Salvatore Dale', 'obernier@example.org'),
(948, 'Mrs. Emelie Bradtke', '084 Block Track', 'bwolf@example.com'),
(949, 'Louisa Mante', '5425 Khalid Cliffs', 'wswaniawski@example.net'),
(950, 'Prof. Andrew Zulauf', '24861 Jackeline Causeway Suite 586', 'jenkins.janessa@example.com'),
(951, 'Prof. Lela Runolfsson', '2599 Prohaska Orchard Suite 193', 'lebsack.jeffrey@example.net'),
(952, 'Francisca Rempel', '41400 Hickle River Apt. 005', 'bfahey@example.com'),
(953, 'Prof. Ayana Feil MD', '5189 Kulas Throughway Suite 110', 'karen31@example.net'),
(954, 'Ana Effertz', '9572 Saul Tunnel Suite 910', 'tyshawn19@example.org'),
(955, 'Tania Legros II', '673 Parisian Locks Suite 362', 'buck.bahringer@example.org'),
(956, 'Santino Reinger', '917 Kiara Prairie', 'rrempel@example.com'),
(957, 'Arnold Eichmann MD', '55267 Spinka Ramp Apt. 392', 'bernhard93@example.com'),
(958, 'Shea Russel DVM', '82820 Lorena Corner Apt. 734', 'elenor22@example.net'),
(959, 'Paul Barton', '05690 Shannon Rapid', 'marion03@example.org'),
(960, 'Mr. Chadrick King V', '309 Kennedy Via Apt. 008', 'mmorar@example.org'),
(961, 'Jaron Walker', '872 Emie Rapids', 'aletha61@example.net'),
(962, 'Leta Tremblay I', '2601 Schoen Extensions', 'abigail64@example.net'),
(963, 'Heber Cruickshank', '411 Flatley Mountain', 'hdicki@example.net'),
(964, 'Mr. Marc Borer', '75288 Ross Cove', 'stroman.susie@example.com'),
(965, 'Keanu Williamson DVM', '16790 Murray Fields', 'schroeder.emory@example.org'),
(966, 'Kale Hamill PhD', '72552 Lea Lights', 'mdare@example.org'),
(967, 'Lonnie Mohr', '23908 Ritchie Plaza Apt. 753', 'adah15@example.net'),
(968, 'Prof. Delbert Daugherty IV', '047 Zulauf Mission', 'hamill.jackie@example.org'),
(969, 'Bethel Bruen', '38724 Schimmel Underpass', 'pheller@example.org'),
(970, 'Prof. Erwin Lind MD', '7957 Hayes Crest Apt. 098', 'oschiller@example.org'),
(971, 'Harmon Jaskolski PhD', '85402 Schroeder Meadows Apt. 712', 'hahn.maud@example.com'),
(972, 'Lessie Altenwerth', '9323 Dibbert Valleys', 'mohr.jovani@example.com'),
(973, 'Dr. Wilton Waelchi', '5617 Haley Highway', 'jhermann@example.net'),
(974, 'Edmund Schamberger PhD', '3807 Hessel Tunnel Suite 001', 'lind.rosemarie@example.net'),
(975, 'Prof. Kari Kuhn', '8405 Block Branch', 'bria02@example.com'),
(976, 'Mertie Wiegand', '8347 Greenholt Branch', 'burley.stark@example.net'),
(977, 'Shannon Hegmann', '985 O\'Reilly Green Apt. 338', 'buster.bailey@example.org'),
(978, 'Avery Prosacco Sr.', '3515 Hauck Tunnel Suite 694', 'marisol.towne@example.org'),
(979, 'Mrs. Lera Mayer DVM', '8797 Colby Plaza Suite 381', 'kristoffer13@example.net'),
(980, 'Frederic Vandervort IV', '923 Ella Causeway Apt. 914', 'landen12@example.org'),
(981, 'Santina Oberbrunner PhD', '677 Witting Light Suite 592', 'terry.laurine@example.org'),
(982, 'Hailee Friesen MD', '010 Schneider Shores Apt. 366', 'erika31@example.net'),
(983, 'Darrick McDermott', '92778 Gabriel Flats', 'quinn64@example.org'),
(984, 'Jonas Jacobs MD', '54199 Lysanne Rapids Suite 239', 'benton.okuneva@example.org'),
(985, 'Consuelo Dickens', '541 Rice Turnpike Apt. 853', 'charity.frami@example.org'),
(986, 'Rex McClure', '86372 Marquise Vista Suite 736', 'hartmann.thaddeus@example.net'),
(987, 'Prof. Morton Wisoky', '167 Effertz Highway', 'kuhlman.linnie@example.net'),
(988, 'Warren Brekke', '382 Langosh Springs Apt. 880', 'volkman.breanna@example.org'),
(989, 'Miss Emely Hansen DDS', '5808 Hegmann Underpass Suite 157', 'jadon.beier@example.com'),
(990, 'Nicklaus Davis II', '96386 Sanford Shores', 'cmccullough@example.com'),
(991, 'Aurore Reilly', '587 Gaylord Island Apt. 439', 'legros.nathen@example.com'),
(992, 'Mrs. Anika Bruen', '816 Konopelski Mountain Suite 878', 'stanley51@example.net'),
(993, 'Geo Halvorson', '459 Hermiston Fields', 'lesch.carole@example.net'),
(994, 'Macey Kuphal V', '334 Mraz Mill Suite 098', 'bergnaum.genevieve@example.com'),
(995, 'Chanel Kling', '284 Mckenzie Fork', 'jamaal.dickinson@example.com'),
(996, 'Prof. Matteo Herman', '38487 Garret Avenue Apt. 222', 'lwaelchi@example.org'),
(997, 'Pinkie Hyatt', '65721 Leffler Centers Apt. 632', 'tbrekke@example.net'),
(998, 'Madelynn Schaefer', '2648 Balistreri Prairie Suite 981', 'destiney.o\'hara@example.org'),
(999, 'Mr. Westley Morissette PhD', '1338 Alexie Flat Apt. 390', 'sister.bauch@example.net'),
(1000, 'Dr. Ford Weimann', '19045 Keenan Street Suite 062', 'judah.wintheiser@example.net');

-- --------------------------------------------------------

--
-- Table structure for table `students`
--

CREATE TABLE `students` (
  `id` bigint(20) UNSIGNED NOT NULL,
  `nama` varchar(255) COLLATE utf8mb4_unicode_ci NOT NULL,
  `nrp` char(9) COLLATE utf8mb4_unicode_ci NOT NULL,
  `email` char(255) COLLATE utf8mb4_unicode_ci NOT NULL,
  `jurusan` char(255) COLLATE utf8mb4_unicode_ci NOT NULL,
  `created_at` timestamp NULL DEFAULT NULL,
  `updated_at` timestamp NULL DEFAULT NULL
) ENGINE=InnoDB DEFAULT CHARSET=utf8mb4 COLLATE=utf8mb4_unicode_ci;

-- --------------------------------------------------------

--
-- Table structure for table `user`
--

CREATE TABLE `user` (
  `id_user` int(11) NOT NULL,
  `password` varchar(120) NOT NULL,
  `nama_user` varchar(120) NOT NULL,
  `role` enum('Admin','Penyewa') NOT NULL DEFAULT 'Penyewa'
) ENGINE=InnoDB DEFAULT CHARSET=utf8mb4;

--
-- Dumping data for table `user`
--

INSERT INTO `user` (`id_user`, `password`, `nama_user`, `role`) VALUES
(1, '$2y$10$66EkZlRRf0MwxaAs3Q3iAucUWzIF8.LUbQ2ZPDf84R84j4XEDAE6a', 'Jerukss', 'Penyewa'),
(2, '$2y$10$zklP/srsCmMxNyPGFHnZQeRHl7vimQD2Ue6pLtVb1jx4UUmPDnPz2', 'admin', 'Admin'),
(4, '$2y$10$xxWRm7DUVx5RGbvIwuklfewlaWu7FjDyy17zvvyWTvubi7rx5w4Ge', 'Rudy', 'Penyewa'),
(5, '$2y$10$uQrczPrqfOC3C/VsNQdhY.eY.6hN2Q3J2NxxN3tJzTUYHd503Tt6a', 'Tino', 'Penyewa'),
(6, '$2y$10$2Wm2ra2d/.zR.rcWdRpKaOKcc5yBXGSdYHR5wl2pT8JwXGVcu6UEK', 'PHP', 'Penyewa'),
(8, '$2y$10$74LDRQTKWuiIFtGb.AVojOKLgRBY8.dfWvK2cZO4tPIgWCv33I2vK', 'tino', 'Penyewa'),
(9, '$2y$10$iZl2inux7jUoEmmqhkAWkuKsIFeElc3nhAIthd22dUKpVGKhSw5di', 'tino01', 'Penyewa');

-- --------------------------------------------------------

--
-- Table structure for table `users`
--

CREATE TABLE `users` (
  `id` bigint(20) UNSIGNED NOT NULL,
  `name` varchar(255) COLLATE utf8mb4_unicode_ci NOT NULL,
  `email` varchar(255) COLLATE utf8mb4_unicode_ci NOT NULL,
  `email_verified_at` timestamp NULL DEFAULT NULL,
  `password` varchar(255) COLLATE utf8mb4_unicode_ci NOT NULL,
  `remember_token` varchar(100) COLLATE utf8mb4_unicode_ci DEFAULT NULL,
  `created_at` timestamp NULL DEFAULT NULL,
  `updated_at` timestamp NULL DEFAULT NULL
) ENGINE=InnoDB DEFAULT CHARSET=utf8mb4 COLLATE=utf8mb4_unicode_ci;

--
-- Dumping data for table `users`
--

INSERT INTO `users` (`id`, `name`, `email`, `email_verified_at`, `password`, `remember_token`, `created_at`, `updated_at`) VALUES
(1, 'me', '', NULL, '$2y$10$Z14nH1p6.HIhJSLFN5aVJeg12I5E5YBfCrMQaUQrvoXTikpmGBHMG', NULL, '2020-07-10 07:35:26', '2020-07-10 07:35:26');

--
-- Indexes for dumped tables
--

--
-- Indexes for table `data_diskusi`
--
ALTER TABLE `data_diskusi`
  ADD PRIMARY KEY (`id`);

--
-- Indexes for table `data_fakultas`
--
ALTER TABLE `data_fakultas`
  ADD PRIMARY KEY (`id`);

--
-- Indexes for table `data_forum_kategori`
--
ALTER TABLE `data_forum_kategori`
  ADD PRIMARY KEY (`id`);

--
-- Indexes for table `data_forum_tanggapan`
--
ALTER TABLE `data_forum_tanggapan`
  ADD PRIMARY KEY (`id`),
  ADD KEY `FK_UserTanggapan` (`id_user`),
  ADD KEY `FK_TopikTanggapan` (`id_topik`);

--
-- Indexes for table `data_forum_topik`
--
ALTER TABLE `data_forum_topik`
  ADD PRIMARY KEY (`id`),
  ADD KEY `FK_Kategori` (`id_kategori`),
  ADD KEY `FK_User` (`id_user`);

--
-- Indexes for table `data_jurusan`
--
ALTER TABLE `data_jurusan`
  ADD PRIMARY KEY (`id`);

--
-- Indexes for table `data_mahasiswa`
--
ALTER TABLE `data_mahasiswa`
  ADD PRIMARY KEY (`id`),
  ADD KEY `jurusan` (`jurusan`);

--
-- Indexes for table `data_nilai`
--
ALTER TABLE `data_nilai`
  ADD PRIMARY KEY (`id`);

--
-- Indexes for table `data_upload`
--
ALTER TABLE `data_upload`
  ADD PRIMARY KEY (`id`);

--
-- Indexes for table `data_user`
--
ALTER TABLE `data_user`
  ADD PRIMARY KEY (`id`);

--
-- Indexes for table `failed_jobs`
--
ALTER TABLE `failed_jobs`
  ADD PRIMARY KEY (`id`);

--
-- Indexes for table `mahasiswa`
--
ALTER TABLE `mahasiswa`
  ADD PRIMARY KEY (`nim`);

--
-- Indexes for table `migrations`
--
ALTER TABLE `migrations`
  ADD PRIMARY KEY (`id`);

--
-- Indexes for table `peoples`
--
ALTER TABLE `peoples`
  ADD PRIMARY KEY (`id`),
  ADD KEY `email` (`email`);

--
-- Indexes for table `students`
--
ALTER TABLE `students`
  ADD PRIMARY KEY (`id`),
  ADD UNIQUE KEY `students_nrp_unique` (`nrp`),
  ADD UNIQUE KEY `students_email_unique` (`email`);

--
-- Indexes for table `user`
--
ALTER TABLE `user`
  ADD PRIMARY KEY (`id_user`);

--
-- Indexes for table `users`
--
ALTER TABLE `users`
  ADD PRIMARY KEY (`id`),
  ADD UNIQUE KEY `users_email_unique` (`email`);

--
-- AUTO_INCREMENT for dumped tables
--

--
-- AUTO_INCREMENT for table `data_diskusi`
--
ALTER TABLE `data_diskusi`
  MODIFY `id` int(11) NOT NULL AUTO_INCREMENT, AUTO_INCREMENT=24;

--
-- AUTO_INCREMENT for table `data_fakultas`
--
ALTER TABLE `data_fakultas`
  MODIFY `id` int(11) NOT NULL AUTO_INCREMENT, AUTO_INCREMENT=3;

--
-- AUTO_INCREMENT for table `data_forum_kategori`
--
ALTER TABLE `data_forum_kategori`
  MODIFY `id` int(11) NOT NULL AUTO_INCREMENT, AUTO_INCREMENT=2;

--
-- AUTO_INCREMENT for table `data_forum_tanggapan`
--
ALTER TABLE `data_forum_tanggapan`
  MODIFY `id` int(11) NOT NULL AUTO_INCREMENT, AUTO_INCREMENT=8;

--
-- AUTO_INCREMENT for table `data_forum_topik`
--
ALTER TABLE `data_forum_topik`
  MODIFY `id` int(11) NOT NULL AUTO_INCREMENT, AUTO_INCREMENT=4;

--
-- AUTO_INCREMENT for table `data_jurusan`
--
ALTER TABLE `data_jurusan`
  MODIFY `id` int(11) NOT NULL AUTO_INCREMENT, AUTO_INCREMENT=4;

--
-- AUTO_INCREMENT for table `data_mahasiswa`
--
ALTER TABLE `data_mahasiswa`
  MODIFY `id` int(11) NOT NULL AUTO_INCREMENT, AUTO_INCREMENT=23;

--
-- AUTO_INCREMENT for table `data_nilai`
--
ALTER TABLE `data_nilai`
  MODIFY `id` int(11) NOT NULL AUTO_INCREMENT, AUTO_INCREMENT=7;

--
-- AUTO_INCREMENT for table `data_upload`
--
ALTER TABLE `data_upload`
  MODIFY `id` int(11) NOT NULL AUTO_INCREMENT, AUTO_INCREMENT=8;

--
-- AUTO_INCREMENT for table `data_user`
--
ALTER TABLE `data_user`
  MODIFY `id` int(11) NOT NULL AUTO_INCREMENT, AUTO_INCREMENT=8;

--
-- AUTO_INCREMENT for table `failed_jobs`
--
ALTER TABLE `failed_jobs`
  MODIFY `id` bigint(20) UNSIGNED NOT NULL AUTO_INCREMENT;

--
-- AUTO_INCREMENT for table `mahasiswa`
--
ALTER TABLE `mahasiswa`
  MODIFY `nim` int(11) NOT NULL AUTO_INCREMENT, AUTO_INCREMENT=97979800;

--
-- AUTO_INCREMENT for table `migrations`
--
ALTER TABLE `migrations`
  MODIFY `id` int(10) UNSIGNED NOT NULL AUTO_INCREMENT, AUTO_INCREMENT=4;

--
-- AUTO_INCREMENT for table `peoples`
--
ALTER TABLE `peoples`
  MODIFY `id` int(9) UNSIGNED NOT NULL AUTO_INCREMENT, AUTO_INCREMENT=1001;

--
-- AUTO_INCREMENT for table `students`
--
ALTER TABLE `students`
  MODIFY `id` bigint(20) UNSIGNED NOT NULL AUTO_INCREMENT;

--
-- AUTO_INCREMENT for table `user`
--
ALTER TABLE `user`
  MODIFY `id_user` int(11) NOT NULL AUTO_INCREMENT, AUTO_INCREMENT=10;

--
-- AUTO_INCREMENT for table `users`
--
ALTER TABLE `users`
  MODIFY `id` bigint(20) UNSIGNED NOT NULL AUTO_INCREMENT, AUTO_INCREMENT=3;

--
-- Constraints for dumped tables
--

--
-- Constraints for table `data_forum_tanggapan`
--
ALTER TABLE `data_forum_tanggapan`
  ADD CONSTRAINT `FK_TopikTanggapan` FOREIGN KEY (`id_topik`) REFERENCES `data_forum_topik` (`id`),
  ADD CONSTRAINT `FK_UserTanggapan` FOREIGN KEY (`id_user`) REFERENCES `data_user` (`id`);

--
-- Constraints for table `data_forum_topik`
--
ALTER TABLE `data_forum_topik`
  ADD CONSTRAINT `FK_Kategori` FOREIGN KEY (`id_kategori`) REFERENCES `data_forum_kategori` (`id`),
  ADD CONSTRAINT `FK_User` FOREIGN KEY (`id_user`) REFERENCES `data_user` (`id`);

--
-- Constraints for table `data_mahasiswa`
--
ALTER TABLE `data_mahasiswa`
  ADD CONSTRAINT `for_jurusan` FOREIGN KEY (`jurusan`) REFERENCES `data_jurusan` (`id`);
COMMIT;

/*!40101 SET CHARACTER_SET_CLIENT=@OLD_CHARACTER_SET_CLIENT */;
/*!40101 SET CHARACTER_SET_RESULTS=@OLD_CHARACTER_SET_RESULTS */;
/*!40101 SET COLLATION_CONNECTION=@OLD_COLLATION_CONNECTION */;
